name,position,age,height,league_rank,average_market_value,highest_market_value,total_played_minutes,average_minutes_played,average_assists_per_game,total_assists,assist_per_minute,average_goals_per_game,total_goals,goals_per_minute,total_yellow_cards,team_win_ratio,data_year,nationality,mil_average_market_value
Aaron Ramsdale,Goalkeeper,24,190,1,24333334,28000000,3060,90,0,0,0,0,0,0,1,.56410259,2023,England,24.333334
Aaron Wan-Bissaka,Defender,24,183,1,31000000,38000000,2213,85.115387,0,0,0,0,0,0,2,.41666666,2023,England,31
Abdelhamid Sabiri,Midfield,25,186,4,2500000,3000000,892,63.714287,.14285715,2,.0022421526,.21428572,3,.0033632286,3,.29268292,2023,Germany,2.5
Abdou Diallo,Defender,26,187,5,21666666,25000000,1132,75.466667,.06666667,1,.00088339223,0,0,0,2,.63829786,2023,France,21.666666
Abdoulaye Bamba,Defender,32,182,5,550000,600000,455,45.5,0,0,0,0,0,0,1,.2631579,2023,Ivory Coast,.55000001
Abdoulaye Doucouré,Midfield,29,183,1,23500000,25000000,2764,83.757576,.12121212,4,.001447178,.060606062,2,.00072358898,6,.33333334,2023,France,23.5
Adam Armstrong,Attack,25,173,1,16333333,18000000,1669,61.814816,.11111111,3,.0017974835,.074074075,2,.0011983224,1,.2857143,2023,England,16.333332
Adam Forshaw,Midfield,30,175,1,2000000,2000000,1560,67.826088,.043478262,1,.00064102566,0,0,0,5,.23076923,2023,England,2
Adam Masina,Defender,28,191,1,3500000,4000000,1076,71.73333,.06666667,1,.00092936802,0,0,0,0,.15384616,2023,Italy,3.5
Adam Ounas,Attack,25,172,4,7500000,8000000,440,20.952381,0,0,0,.095238097,2,.0045454544,1,.57446808,2023,Algeria,7.5
Adam Webster,Defender,27,190,1,17500000,18000000,1522,66.173912,0,0,0,.086956523,2,.0013140604,5,.32499999,2023,England,17.5
Adama Soumaoro,Defender,30,187,4,4000000,4000000,2357,81.275864,.034482758,1,.00042426813,0,0,0,6,.30769232,2023,France,4
Ademola Lookman,Attack,24,174,1,9500000,10000000,1755,54.84375,.09375,3,.0017094017,.1875,6,.0034188034,2,.38297874,2023,England,9.5
Adil Rami,Defender,36,191,5,383333.34,500000,1173,69,0,0,0,.17647059,3,.0025575447,1,.23684211,2023,France,.38333336
Adnan Januzaj,Attack,27,186,3,12000000,12000000,2393,54.386364,.06818182,3,.0012536565,.11363637,5,.0020894276,7,.4509804,2023,Belgium,12
Adrien Rabiot,Midfield,27,188,4,19000000,22000000,3359,74.644447,.044444446,2,.0005954153,0,0,0,7,.55769229,2023,France,19
Adrien Thomasson,Midfield,28,175,5,8500000,9000000,2395,77.258064,.12903225,4,.0016701461,.25806451,8,.0033402923,2,.44736841,2023,France,8.5
Afimico Pululu,Attack,23,175,2,1250000,1500000,79,8.7777777,.11111111,1,.012658228,0,0,0,0,.085714288,2023,Angola,1.25
Ainsley Maitland-Niles,Midfield,24,180,4,11000000,12000000,800,47.058823,0,0,0,0,0,0,0,.5,2023,England,11
Ajdin Hrustić,Midfield,25,180,2,3000000,3000000,1047,37.392857,0,0,0,.071428575,2,.0019102197,3,.375,2023,Australia,3
Alassane Plea,Attack,29,181,2,16000000,18000000,2136,59.333332,.22222222,8,.0037453184,.27777779,10,.0046816478,4,.37837839,2023,France,16
Alban Lafont,Goalkeeper,23,196,5,13333333,16000000,3420,90,0,0,0,0,0,0,3,.39473686,2023,France,13.333333
Alberth Elis,Attack,26,185,5,6333333.5,6500000,1416,70.800003,.050000001,1,.00070621469,.44999999,9,.006355932,2,.15789473,2023,Honduras,6.3333335
Alberto Grassi,Midfield,27,183,4,2833333.3,3500000,2215,71.451614,.064516127,2,.00090293452,0,0,0,6,.19512194,2023,Italy,2.8333333
Albin Ekdal,Midfield,32,186,4,1500000,2000000,1704,63.111111,0,0,0,.037037037,1,.00058685447,11,.29268292,2023,Sweden,1.5
Aleksandar Sedlar,Defender,30,180,3,500000,500000,702,50.142857,0,0,0,.14285715,2,.0028490028,5,.3255814,2023,Serbia,.5
Aleksey Miranchuk,Midfield,26,182,4,11500000,13500000,944,37.759998,.2,5,.0052966103,.079999998,2,.0021186441,0,.42307693,2023,Russia,11.5
Alessandro Bastoni,Defender,23,190,4,60000000,60000000,3326,75.590912,.06818182,3,.00090198434,.022727273,1,.00030066146,6,.65384614,2023,Italy,60
Alessandro Berardi,Goalkeeper,31,185,4,50000,50000,90,90,0,0,0,0,0,0,0,.375,2023,Italy,.050000001
Alessandro Buongiorno,Defender,23,190,4,4000000,4000000,1370,54.799999,.079999998,2,.001459854,0,0,0,6,.34999999,2023,Italy,4
Alessandro Deiola,Midfield,26,190,4,2000000,2000000,2306,65.885712,.028571429,1,.00043365135,.17142858,6,.0026019081,5,.19512194,2023,Italy,2
Alessandro Schöpf,Midfield,28,178,2,2266666.8,2500000,2554,77.393936,.090909094,3,.001174628,.030303031,1,.00039154268,4,.16666667,2023,Austria,2.2666667
Alessio Cragno,Goalkeeper,28,184,4,13666667,17000000,3240,90,0,0,0,0,0,0,3,.19512194,2023,Italy,13.666667
Alessio Romagnoli,Defender,27,185,4,19000000,20000000,1914,73.615387,.03846154,1,.00052246603,.03846154,1,.00052246603,4,.60416669,2023,Italy,19
Alex Ferrari,Defender,27,191,4,1650000,1800000,1741,72.541664,0,0,0,.041666668,1,.00057438255,4,.29268292,2023,Italy,1.65
Alex Iwobi,Midfield,26,183,1,18000000,18000000,2054,68.466667,.1,3,.0014605648,.06666667,2,.00097370986,1,.33333334,2023,Nigeria,18
Alex McCarthy,Goalkeeper,32,193,1,3250000,3500000,1530,90,0,0,0,0,0,0,1,.2857143,2023,England,3.25
Alex Meret,Goalkeeper,25,190,4,13750000,18000000,1324,88.26667,0,0,0,0,0,0,1,.57446808,2023,Italy,13.75
Alex Oxlade-Chamberlain,Midfield,28,180,1,17000000,18000000,1241,49.639999,.079999998,2,.0016116035,.079999998,2,.0016116035,0,.7719298,2023,England,17
Alexander Djiku,Defender,27,182,5,8750000,10000000,2697,87,0,0,0,.032258064,1,.00037078236,10,.44736841,2023,France,8.75
Alexander Hack,Defender,28,193,2,2500000,2500000,2248,74.933334,.033333335,1,.00044483985,.1,3,.0013345196,6,.4054054,2023,Germany,2.5
Alexander Isak,Attack,22,192,3,35000000,40000000,2761,67.341461,.073170729,3,.0010865629,.24390244,10,.0036218762,7,.4509804,2023,Sweden,35
Alexander Nübel,Goalkeeper,25,193,5,7000000,8000000,4350,90.625,0,0,0,0,0,0,1,.5,2023,Germany,7
Alexander Schwolow,Goalkeeper,30,190,2,3833333.3,5000000,2446,87.35714,0,0,0,0,0,0,1,.2972973,2023,Germany,3.8333333
Alexander Sørloth,Attack,26,195,3,11000000,12000000,2247,51.06818,.022727273,1,.00044503782,.18181819,8,.0035603025,2,.4509804,2023,Norway,11
Alexandre Lacazette,Attack,31,175,1,19000000,22000000,1808,58.322582,.22580644,7,.0038716814,.12903225,4,.0022123894,0,.56410259,2023,France,19
Alexandre Letellier,Goalkeeper,31,193,5,400000,400000,7,7,0,0,0,0,0,0,0,.63829786,2023,France,.40000001
Alexandre Oukidja,Goalkeeper,33,184,5,1350000,1500000,1877,89.380951,0,0,0,0,0,0,2,.15789473,2023,Algeria,1.35
Alexis Mac Allister,Midfield,23,176,1,13000000,16000000,2207,64.911766,.05882353,2,.00090620754,.14705883,5,.0022655188,4,.32499999,2023,Argentina,13
Alexis Saelemaekers,Attack,23,180,4,18500000,20000000,2490,54.130436,.065217391,3,.0012048193,.043478262,2,.00080321287,4,.60416669,2023,Belgium,18.5
Alfonso Espino,Defender,30,172,3,4000000,6000000,3458,84.341461,.048780486,2,.00057836901,.048780486,2,.00057836901,6,.27906978,2023,Uruguay,4
Allan Saint-Maximin,Attack,25,173,1,32000000,32000000,2902,80.611115,.1388889,5,.0017229497,.1388889,5,.0017229497,6,.33333334,2023,France,32
Almamy Touré,Defender,26,183,2,3333333.3,4000000,1107,61.5,0,0,0,.055555556,1,.00090334238,2,.375,2023,Mali,3.3333333
Alphonse Areola,Goalkeeper,29,195,1,10750000,14000000,1410,94,0,0,0,0,0,0,0,.4528302,2023,France,10.75
Alphonso Davies,Defender,21,183,2,70000000,70000000,2366,76.322578,.19354838,6,.0025359257,0,0,0,3,.70212764,2023,Canada,70
Amadou Diawara,Midfield,24,183,4,8000000,10000000,169,33.799999,0,0,0,0,0,0,0,.5,2023,Guinea,8
Amadou Haidara,Midfield,24,175,2,24000000,24000000,1635,58.392857,.035714287,1,.00061162078,.14285715,4,.0024464831,2,.53846157,2023,Mali,24
Amine Gouiri,Attack,22,181,5,43000000,50000000,2764,72.736839,.23684211,9,.0032561505,.2631579,10,.0036179449,3,.52631581,2023,France,43
Amine Harit,Midfield,25,180,5,9500000,10000000,1336,51.384617,.15384616,4,.0029940121,.15384616,4,.0029940121,2,.5,2023,Morocco,9.5
Amir Rrahmani,Defender,28,192,4,22000000,25000000,3518,85.804878,0,0,0,.097560972,4,.0011370097,7,.57446808,2023,Kosovo,22
Amos Pieper,Defender,24,192,2,6000000,7000000,2592,89.379311,0,0,0,0,0,0,4,.16666667,2023,Germany,6
Anastasios Donis,Attack,25,178,5,1000000,1000000,363,27.923077,0,0,0,0,0,0,0,.28947368,2023,Greece,1
Andrea Belotti,Attack,28,181,4,24000000,28000000,1417,61.608696,.043478262,1,.00070571632,.34782609,8,.0056457305,1,.34999999,2023,Italy,24
Andrea Consigli,Goalkeeper,35,189,4,1750000,2000000,3323,89.810814,0,0,0,0,0,0,2,.34999999,2023,Italy,1.75
Andrea Conti,Defender,28,184,4,2833333.3,3500000,304,33.777779,0,0,0,.22222222,2,.0065789474,1,.29268292,2023,Italy,2.8333333
Andrea La Mantia,Attack,31,190,4,1400000,1500000,568,29.894737,.10526316,2,.0035211267,.15789473,3,.00528169,0,.29268292,2023,Italy,1.4
Andrea Masiello,Defender,36,184,4,600000,800000,516,73.714287,0,0,0,0,0,0,3,.14634146,2023,Italy,.60000002
Andrea Petagna,Attack,27,190,4,12500000,13000000,1008,31.5,.15625,5,.0049603176,.125,4,.0039682542,2,.57446808,2023,Italy,12.5
Andreas Christensen,Defender,26,187,1,35000000,35000000,2519,76.333336,.030303031,1,.00039698294,.060606062,2,.00079396588,2,.63157892,2023,Denmark,35
Andreas Linde,Goalkeeper,28,196,2,850000,900000,1290,92.14286,0,0,0,0,0,0,0,.085714288,2023,Sweden,.85000002
Andreas Luthe,Goalkeeper,35,195,2,850000,900000,2790,90,0,0,0,0,0,0,3,.51219511,2023,Germany,.85000002
Andreas Voglsammer,Attack,30,177,2,1200000,1200000,1161,29.76923,.051282052,2,.0017226529,.12820514,5,.0043066321,1,.51219511,2023,Germany,1.2
Andrei Girotto,Defender,30,186,5,4000000,5000000,3150,87.5,.027777778,1,.0003174603,.16666667,6,.0019047619,8,.39473686,2023,Brazil,4
Andrew Robertson,Defender,28,178,1,65000000,65000000,3679,85.558136,.3488372,15,.0040771947,.069767445,3,.00081543898,6,.7719298,2023,Scotland,65
Andrey Lunev,Goalkeeper,30,190,2,3250000,4000000,180,90,0,0,0,0,0,0,0,.54545456,2023,Russia,3.25
Andriy Yarmolenko,Attack,32,189,1,3000000,3500000,816,28.137932,.034482758,1,.0012254902,.10344828,3,.0036764706,1,.4528302,2023,Ukraine,3
András Schäfer,Midfield,23,178,2,1800000,2000000,258,28.666666,.11111111,1,.003875969,.11111111,1,.003875969,2,.51219511,2023,Hungary,1.8
André Hahn,Attack,31,185,2,2100000,2200000,2266,66.647057,.088235296,3,.0013239188,.17647059,6,.0026478376,6,.30555555,2023,Germany,2.0999999
Andy Delort,Attack,30,181,5,13000000,13000000,2717,77.628571,.085714288,3,.001104159,.51428574,18,.0066249538,3,.52631581,2023,France,13
Angelo Fulgini,Midfield,25,182,5,12000000,12000000,2950,81.944443,.11111111,4,.0013559322,.1388889,5,.0016949152,6,.2631579,2023,France,12
Angus Gunn,Goalkeeper,26,196,1,3000000,3000000,810,90,0,0,0,0,0,0,0,.17073171,2023,England,3
Ante Budimir,Attack,30,190,3,6000000,6000000,1837,61.233334,.06666667,2,.0010887316,.30000001,9,.0048992923,3,.34146342,2023,Croatia,6
Anthony Caci,Defender,24,184,5,6000000,7000000,2394,64.702705,.081081077,3,.0012531328,.027027028,1,.00041771095,4,.44736841,2023,France,6
Anthony Gordon,Attack,21,182,1,14666667,20000000,2601,66.692307,.07692308,3,.0011534025,.1025641,4,.00153787,6,.33333334,2023,England,14.666667
Anthony Lopes,Goalkeeper,31,184,5,11000000,12000000,3704,88.190475,0,0,0,0,0,0,1,.47916666,2023,Portugal,11
Anthony Losilla,Midfield,36,185,2,500000,500000,3366,90.972977,0,0,0,.054054055,2,.00059417705,5,.39473686,2023,France,.5
Anthony Martial,Attack,26,181,3,27750000,35000000,951,43.227272,.045454547,1,.0010515247,.090909094,2,.0021030493,1,.46153846,2023,France,27.75
Anthony Modeste,Attack,34,188,2,2450000,3000000,2792,79.771431,.11428571,4,.0014326648,.65714288,23,.008237822,4,.43243244,2023,France,2.45
Anthony Ujah,Attack,31,180,2,550000,600000,32,10.666667,0,0,0,0,0,0,0,.51219511,2023,Nigeria,.55000001
Antoine Griezmann,Attack,31,176,3,45000000,50000000,2524,64.717949,.17948718,7,.0027733755,.20512821,8,.0031695722,3,.49019608,2023,France,45
Antonio Candreva,Midfield,35,180,4,2500000,2500000,3268,83.794868,.33333334,13,.0039779684,.17948718,7,.0021419828,6,.29268292,2023,Italy,2.5
Antonio Rüdiger,Defender,29,190,1,36666668,40000000,4716,92.470589,.078431375,4,.00084817642,.078431375,4,.00084817642,12,.63157892,2023,Germany,36.666668
Antonio Sánchez,Midfield,25,179,3,1150000,1500000,1860,56.363636,0,0,0,.030303031,1,.00053763442,4,.3255814,2023,Mexico,1.15
Anwar El Ghazi,Attack,27,189,1,9500000,10000000,405,33.75,.083333336,1,.0024691359,.083333336,1,.0024691359,2,.33333334,2023,Netherlands,9.5
Arbër Zeneli,Attack,27,176,5,4250000,4500000,409,45.444443,.33333334,3,.0073349634,.22222222,2,.0048899758,0,.28947368,2023,Kosovo,4.25
Arial Mendy,Defender,27,180,5,650000,700000,790,43.888889,0,0,0,0,0,0,1,.23684211,2023,Senegal,.64999998
Aritz Elustondo,Defender,28,182,3,19333334,20000000,2924,73.099998,.025,1,.00034199728,.1,4,.0013679891,5,.4509804,2023,Spain,19.333334
Arkadiusz Milik,Attack,28,186,5,17666666,20000000,1769,63.17857,.071428575,2,.0011305823,.39285713,11,.0062182024,2,.5,2023,Poland,17.666666
Arkadiusz Reca,Defender,27,187,4,3166666.8,3500000,1803,69.346153,.07692308,2,.0011092623,0,0,0,3,.27500001,2023,Poland,3.1666667
Armand Laurienté,Attack,23,171,5,7666666.5,8000000,2493,71.228569,.057142857,2,.00080224627,.17142858,6,.0024067389,5,.21052632,2023,France,7.6666665
Armando Izzo,Defender,30,183,4,3600000,5000000,631,48.53846,0,0,0,0,0,0,4,.34999999,2023,Italy,3.5999999
Arnaud Nordin,Attack,24,170,5,4000000,4000000,1876,52.111111,.1388889,5,.0026652452,.11111111,4,.0021321962,4,.18421052,2023,France,4
Arnaud Souquet,Defender,30,179,5,2650000,2800000,2341,68.852943,.088235296,3,.0012815036,.029411765,1,.00042716786,3,.31578946,2023,France,2.6500001
Arne Maier,Midfield,23,186,2,5166666.5,5500000,1992,66.400002,.26666668,8,.0040160641,.033333335,1,.00050200801,0,.30555555,2023,Germany,5.1666665
Arthur Masuaku,Defender,28,179,1,5000000,5000000,793,44.055557,.055555556,1,.001261034,.055555556,1,.001261034,1,.4528302,2023,DR Congo,5
Ashley Barnes,Attack,32,185,1,1750000,2000000,799,34.739132,0,0,0,.043478262,1,.0012515645,4,.17948718,2023,Austria,1.75
Ashley Westwood,Midfield,32,174,1,3000000,4000000,2379,84.964287,.14285715,4,.0016813787,0,0,0,7,.17948718,2023,England,3
Ashley Young,Defender,36,175,1,1000000,1000000,1238,51.583332,.083333336,2,.0016155089,0,0,0,2,.33333334,2023,England,1
Atakan Karazor,Midfield,25,191,2,4000000,4500000,1995,79.800003,.039999999,1,.00050125312,0,0,0,9,.22222222,2023,Germany,4
Aurélien Tchouaméni,Midfield,22,188,5,45000000,60000000,3873,84.195656,.043478262,2,.00051639555,.086956523,4,.0010327911,13,.5,2023,France,45
Axel Disasi,Defender,24,190,5,16666667,18000000,3319,80.951218,0,0,0,.073170729,3,.00090388668,6,.5,2023,France,16.666668
Axel Tuanzebe,Defender,24,185,4,7500000,8000000,635,57.727272,0,0,0,0,0,0,2,.57446808,2023,England,7.5
Aymen Barkok,Midfield,24,189,2,1900000,2000000,238,34,0,0,0,0,0,0,1,.375,2023,Germany,1.9
Azor Matusiwa,Midfield,24,173,5,6000000,7000000,2738,85.5625,.03125,1,.00036523011,.03125,1,.00036523011,9,.28947368,2023,Netherlands,6
Aïssa Mandi,Defender,30,184,3,6000000,6000000,1608,73.090912,0,0,0,.090909094,2,.0012437811,3,.42592594,2023,Algeria,6
Baptiste Santamaria,Midfield,27,183,5,14000000,14000000,2689,70.763161,.02631579,1,.00037188546,.052631579,2,.00074377091,7,.55000001,2023,France,14
Bastian Oczipka,Defender,33,185,2,600000,600000,1198,57.047619,.095238097,2,.001669449,0,0,0,1,.51219511,2023,Germany,.60000002
Ben Chilwell,Defender,25,180,1,38000000,38000000,729,66.272728,.090909094,1,.0013717421,.27272728,3,.0041152262,0,.63157892,2023,England,38
Ben Gibson,Defender,29,185,1,6500000,7000000,2675,89.166664,0,0,0,0,0,0,5,.17073171,2023,England,6.5
Ben Godfrey,Defender,24,184,1,22333334,25000000,2255,86.730766,0,0,0,0,0,0,7,.33333334,2023,England,22.333334
Ben Mee,Defender,32,180,1,3250000,4000000,1930,87.727272,0,0,0,.13636364,3,.0015544042,3,.17948718,2023,England,3.25
Benjamin André,Midfield,31,180,5,13500000,15000000,3484,84.975609,.024390243,1,.0002870264,.048780486,2,.0005740528,15,.38297874,2023,France,13.5
Benjamin Bourigeaud,Midfield,28,178,5,16500000,18000000,3368,84.199997,.40000001,16,.004750594,.27500001,11,.0032660333,2,.55000001,2023,France,16.5
Benjamin Henrichs,Defender,25,185,2,11000000,14000000,2101,56.783783,.10810811,4,.0019038554,.081081077,3,.0014278914,4,.53846157,2023,Germany,11
Benjamin Hübner,Defender,32,193,2,1000000,1000000,393,65.5,0,0,0,.16666667,1,.0025445293,2,.4054054,2023,Germany,1
Benjamin Pavard,Defender,26,186,2,30000000,30000000,2935,81.527779,.055555556,2,.00068143103,0,0,0,2,.70212764,2023,France,30
Benjamin Uphoff,Goalkeeper,28,192,2,500000,500000,300,100,0,0,0,0,0,0,0,.5,2023,Germany,.5
Benno Schmitz,Defender,27,182,2,2266666.8,3000000,2606,78.969696,.15151516,5,.0019186493,0,0,0,5,.43243244,2023,Germany,2.2666667
Benoît Costil,Goalkeeper,34,188,5,1850000,2200000,2250,90,0,0,0,0,0,0,1,.15789473,2023,France,1.85
Bernd Leno,Goalkeeper,30,190,1,13250000,18000000,450,90,0,0,0,0,0,0,0,.56410259,2023,Germany,13.25
Bertrand Traoré,Attack,26,181,1,18000000,20000000,213,23.666666,0,0,0,0,0,0,0,.33333334,2023,Burkina Faso,18
Billy Gilmour,Midfield,21,170,1,13500000,15000000,1959,75.346153,.07692308,2,.0010209291,0,0,0,2,.17073171,2023,Scotland,13.5
Bonke Innocent,Midfield,26,178,5,1275000,2000000,1599,76.14286,0,0,0,0,0,0,7,.21052632,2023,Nigeria,1.275
Boris Radunović,Goalkeeper,26,194,4,400000,400000,450,90,0,0,0,0,0,0,0,.19512194,2023,Serbia,.40000001
Borna Sosa,Defender,24,187,2,21500000,23000000,2680,89.333336,.30000001,9,.003358209,.06666667,2,.00074626866,4,.22222222,2023,Croatia,21.5
Boubacar Kamara,Midfield,22,184,5,26000000,28000000,3128,80.205132,.025641026,1,.00031969309,.025641026,1,.00031969309,7,.5,2023,France,26
Boubakary Soumaré,Midfield,23,188,1,26500000,28000000,1535,59.03846,.03846154,1,.00065146579,0,0,0,2,.38297874,2023,France,26.5
Boulaye Dia,Attack,25,180,3,13000000,14000000,1655,47.285713,.17142858,6,.0036253775,.2,7,.0042296071,3,.42592594,2023,France,13
Bouna Sarr,Defender,30,177,2,2833333.3,3000000,276,23,0,0,0,.083333336,1,.0036231885,1,.70212764,2023,France,2.8333333
Bram Nuytinck,Defender,32,191,4,4250000,5000000,2136,73.655174,.034482758,1,.0004681648,.034482758,1,.0004681648,2,.31707317,2023,Netherlands,4.25
Branimir Hrgota,Attack,29,185,2,2000000,2000000,2910,83.14286,.17142858,6,.0020618557,.2857143,10,.0034364262,4,.085714288,2023,Sweden,2
Brendan Chardonnet,Defender,27,184,5,4750000,5000000,2687,83.96875,0,0,0,.09375,3,.0011164867,6,.34210527,2023,France,4.75
Bryan Cristante,Midfield,27,186,4,20000000,20000000,2964,78,0,0,0,.078947365,3,.0010121458,9,.5,2023,Italy,20
Bryan Mbeumo,Attack,22,171,1,19000000,22000000,2944,81.777779,.19444445,7,.0023777173,.19444445,7,.0023777173,4,.34999999,2023,France,19
Bukayo Saka,Attack,20,178,1,65000000,65000000,3084,79.07692,.17948718,7,.0022697796,.2820513,11,.0035667964,6,.56410259,2023,England,65
Caleb Ekuban,Attack,28,182,4,3433333.3,5000000,1922,58.242424,.060606062,2,.0010405828,.060606062,2,.0010405828,2,.14634146,2023,Italy,3.4333332
Callum Hudson-Odoi,Attack,21,178,1,29000000,32000000,1606,64.239998,.23999999,6,.00373599,.12,3,.001867995,2,.63157892,2023,England,29
Callum Wilson,Attack,30,180,1,19000000,20000000,1389,77.166664,0,0,0,.44444445,8,.0057595391,4,.33333334,2023,England,19
Calum Chambers,Defender,27,182,1,11000000,12000000,1001,77,0,0,0,.07692308,1,.00099900097,1,.33333334,2023,England,11
Calvin Stengs,Midfield,23,187,5,14333333,15000000,1072,44.666668,.041666668,1,.0009328358,.041666668,1,.0009328358,1,.52631581,2023,Netherlands,14.333333
Carlo Pinsoglio,Goalkeeper,32,194,4,400000,400000,45,45,0,0,0,0,0,0,0,.55769229,2023,Italy,.40000001
Cengiz Ünder,Attack,24,173,5,20000000,22000000,2654,71.729729,.10810811,4,.001507159,.2972973,11,.0041446872,2,.5,2023,Turkey,20
Cenk Tosun,Attack,31,183,1,2500000,3000000,11,3.6666667,0,0,0,0,0,0,0,.33333334,2023,Turkey,2.5
Charalampos Lykogiannis,Defender,28,191,4,2350000,2500000,1914,63.799999,0,0,0,.033333335,1,.00052246603,2,.19512194,2023,Greece,2.3499999
Charles Traoré,Defender,30,180,5,1650000,1800000,715,44.6875,0,0,0,0,0,0,3,.39473686,2023,Mali,1.65
Charlie Goode,Defender,26,196,1,950000,1000000,448,74.666664,0,0,0,0,0,0,3,.34999999,2023,England,.94999999
Charlie Taylor,Defender,28,183,1,3500000,4000000,2730,88.064514,.096774191,3,.0010989011,0,0,0,3,.17948718,2023,England,3.5
Cheikhou Kouyaté,Midfield,32,189,1,4000000,4000000,2224,74.133331,.033333335,1,.0004496403,.033333335,1,.0004496403,3,.3488372,2023,Senegal,4
Chris Führich,Attack,24,181,2,3500000,4000000,1806,69.46154,.07692308,2,.0011074197,.11538462,3,.0016611295,3,.22222222,2023,Germany,3.5
Chris Smalling,Defender,32,194,4,8000000,8000000,2179,77.821426,0,0,0,.10714286,3,.0013767784,0,.5,2023,England,8
Christian Früchtl,Goalkeeper,22,193,2,600000,600000,9,9,0,0,0,0,0,0,0,.70212764,2023,Germany,.60000002
Christian Günter,Defender,29,184,2,12000000,12000000,3690,92.25,.25,10,.0027100272,.050000001,2,.00054200541,5,.5,2023,Germany,12
Christian Nørgaard,Midfield,28,187,1,9500000,14000000,3149,87.472221,.11111111,4,.0012702445,.083333336,3,.00095268339,8,.34999999,2023,Denmark,9.5
Christian Pulisic,Attack,23,177,1,43500000,45000000,2080,59.42857,.11428571,4,.0019230769,.22857143,8,.0038461538,2,.63157892,2023,United States,43.5
Christoph Baumgartner,Midfield,22,180,2,22000000,22000000,2091,67.451614,.064516127,2,.00095648016,.22580644,7,.0033476804,6,.4054054,2023,Austria,22
Christoph Kramer,Midfield,31,191,2,3833333.3,5000000,829,43.63158,0,0,0,0,0,0,1,.37837839,2023,Germany,3.8333333
Christoph Zimmermann,Defender,29,194,1,1250000,1500000,247,61.75,0,0,0,0,0,0,0,.17073171,2023,Germany,1.25
Christophe Hérelle,Defender,29,188,5,3750000,4000000,1938,84.260872,0,0,0,0,0,0,6,.34210527,2023,France,3.75
Christopher Lenz,Defender,27,180,2,4500000,5000000,781,43.388889,.055555556,1,.0012804097,0,0,0,7,.375,2023,Germany,4.5
Christopher Nkunku,Midfield,24,178,2,61750000,80000000,4273,82.17308,.38461539,20,.0046805525,.67307693,35,.0081909662,2,.53846157,2023,France,61.75
Christopher Trimmel,Defender,35,189,2,950000,1000000,2546,79.5625,.03125,1,.00039277298,.0625,2,.00078554597,5,.51219511,2023,Austria,.94999999
Ciaran Clark,Defender,32,185,1,2150000,2500000,1014,78,.07692308,1,.00098619331,0,0,0,2,.33333334,2023,Republic of Ireland,2.1500001
Ciro Immobile,Attack,32,185,4,28500000,30000000,3356,83.900002,.1,4,.0011918951,.80000001,32,.0095351608,5,.4375,2023,Italy,28.5
Clément Grenier,Midfield,31,186,3,2000000,3000000,56,11.2,0,0,0,.2,1,.017857144,1,.3255814,2023,France,2
Clément Lenglet,Defender,27,186,3,14666667,18000000,1238,45.851852,.037037037,1,.00080775446,0,0,0,5,.49056605,2023,France,14.666667
Colin Dagba,Defender,23,170,5,8333333.5,10000000,166,55.333332,0,0,0,0,0,0,1,.63829786,2023,France,8.333334
Connor Roberts,Defender,26,175,1,2750000,3000000,1690,80.476189,.047619049,1,.00059171597,.047619049,1,.00059171597,2,.17948718,2023,Wales,2.75
Conor Hourihane,Midfield,31,181,1,2150000,2500000,90,90,0,0,0,0,0,0,0,0,2023,Republic of Ireland,2.1500001
Corentin Jean,Attack,26,170,5,1350000,1500000,240,14.117647,0,0,0,.05882353,1,.0041666669,2,.44736841,2023,France,1.35
Corentin Tolisso,Midfield,27,181,2,15000000,15000000,1070,48.636364,.13636364,3,.0028037382,.13636364,3,.0028037382,0,.70212764,2023,France,15
Craig Cathcart,Defender,33,189,1,1350000,1500000,2486,77.6875,.03125,1,.00040225263,0,0,0,3,.15384616,2023,Northern Ireland,1.35
Craig Dawson,Defender,32,188,1,3000000,3000000,3938,83.787231,.04255319,2,.00050787203,.08510638,4,.0010157441,7,.4528302,2023,England,3
Cristiano Biraghi,Defender,29,185,4,10000000,10000000,3645,86.785713,.047619049,2,.00054869684,.11904762,5,.0013717421,5,.52272725,2023,Italy,10
Curtis Jones,Midfield,21,185,1,29000000,30000000,1237,53.782608,.17391305,4,.0032336297,.043478262,1,.00080840744,0,.7719298,2023,England,29
Cédric Brunner,Defender,28,180,2,3200000,3200000,2276,81.285713,.035714287,1,.00043936732,0,0,0,6,.16666667,2023,Switzerland,3.2
Daley Sinkgraven,Defender,26,179,2,5166666.5,7000000,630,35,0,0,0,0,0,0,0,.54545456,2023,Netherlands,5.1666665
Dan Burn,Defender,30,201,1,7500000,12000000,2582,86.066666,.033333335,1,.00038729666,.033333335,1,.00038729666,8,.33333334,2023,England,7.5
Dan Gosling,Midfield,32,180,1,1000000,1000000,191,38.200001,0,0,0,.2,1,.0052356021,0,.15384616,2023,England,1
Dan-Axel Zagadou,Defender,23,196,2,11500000,14000000,1150,60.526318,0,0,0,0,0,0,4,.5869565,2023,France,11.5
Daniel Amartey,Defender,27,186,1,7333333.5,10000000,2646,77.823532,0,0,0,.029411765,1,.00037792895,4,.38297874,2023,Ghana,7.3333335
Daniel Bachmann,Goalkeeper,27,191,1,2833333.3,3000000,1170,90,0,0,0,0,0,0,0,.15384616,2023,Austria,2.8333333
Daniel Caligiuri,Attack,34,182,2,1150000,1500000,2062,71.103447,.10344828,3,.0014548982,.13793103,4,.0019398642,4,.30555555,2023,Italy,1.15
Daniel James,Attack,24,171,1,18000000,18000000,2589,73.971428,.14285715,5,.0019312475,.11428571,4,.001544998,7,.23076923,2023,Wales,18
Daniel Wass,Midfield,33,178,3,6000000,6000000,1829,83.13636,.045454547,1,.00054674683,.045454547,1,.00054674683,7,.49019608,2023,Denmark,6
Daniele Baselli,Midfield,30,182,4,2266666.8,3500000,529,33.0625,.0625,1,.0018903592,0,0,0,1,.19512194,2023,Italy,2.2666667
Daniele Padelli,Goalkeeper,36,191,4,400000,400000,360,90,0,0,0,0,0,0,0,.31707317,2023,Italy,.40000001
Daniele Rugani,Defender,27,190,4,3500000,3500000,1265,70.277779,0,0,0,.055555556,1,.00079051382,3,.55769229,2023,Italy,3.5
Daniele Verde,Attack,26,168,4,3300000,5000000,2036,59.882355,.20588236,7,.003438114,.23529412,8,.0039292732,2,.27500001,2023,Italy,3.3
Danilo Cataldi,Midfield,27,180,4,5000000,5000000,2124,50.57143,.071428575,3,.0014124294,.047619049,2,.00094161957,9,.4375,2023,Italy,5
Danilo D'Ambrosio,Defender,33,180,4,3250000,3500000,1424,52.740742,.037037037,1,.0007022472,.037037037,1,.0007022472,3,.65384614,2023,Italy,3.25
Danny Blum,Attack,31,184,2,750000,900000,360,25.714285,0,0,0,.14285715,2,.0055555557,0,.39473686,2023,Germany,.75
Darko Lazović,Midfield,31,181,4,4000000,4000000,2869,81.971428,.2,7,.0024398745,.057142857,2,.000697107,2,.375,2023,Serbia,4
David Okereke,Attack,24,181,4,4750000,5000000,2106,63.81818,.030303031,1,.0004748338,.21212122,7,.0033238367,5,.19512194,2023,Nigeria,4.75
David Raum,Defender,24,180,2,14375000,20000000,3028,86.514282,.37142858,13,.004293263,.085714288,3,.00099075295,5,.4054054,2023,Germany,14.375
Davide Calabria,Defender,25,176,4,25000000,25000000,2594,78.606064,.090909094,3,.0011565151,.060606062,2,.00077101,2,.60416669,2023,Italy,25
Davide Frattesi,Midfield,22,178,4,18333334,20000000,2920,76.842102,.10526316,4,.0013698631,.10526316,4,.0013698631,6,.34999999,2023,Italy,18.333334
Davide Zappacosta,Midfield,30,182,4,9666667,10000000,3186,70.800003,.17777778,8,.0025109856,.044444446,2,.0006277464,8,.42307693,2023,Italy,9.666667
Davie Selke,Attack,27,195,2,1800000,1800000,1166,41.642857,0,0,0,.17857143,5,.0042881644,1,.2972973,2023,Germany,1.8
Davinson Sánchez,Defender,26,187,1,29000000,30000000,1716,71.5,0,0,0,.083333336,2,.0011655012,4,.58139533,2023,Colombia,29
Dean Henderson,Goalkeeper,25,188,1,18000000,18000000,188,94,0,0,0,0,0,0,0,.41666666,2023,England,18
Declan Rice,Midfield,23,188,1,77500000,80000000,4332,88.408165,.081632651,4,.00092336105,.10204082,5,.0011542013,11,.4528302,2023,Republic of Ireland,77.5
Deiver Machado,Defender,28,180,5,1933333.4,2000000,514,23.363636,.045454547,1,.0019455253,0,0,0,1,.44736841,2023,Colombia,1.9333334
Dejan Kulusevski,Attack,22,186,1,35000000,40000000,2367,50.361702,.23404256,11,.0046472326,.14893617,7,.0029573299,5,.58139533,2023,Sweden,35
Delano Burgzorg,Attack,23,186,2,1375000,2000000,1262,60.095238,0,0,0,.23809524,5,.003961965,3,.4054054,2023,Netherlands,1.375
Demarai Gray,Attack,26,183,1,19666666,22000000,2617,70.729729,.13513513,5,.0019105846,.16216215,6,.0022927015,3,.33333334,2023,England,19.666666
Denis Bouanga,Attack,27,180,5,7500000,8000000,2448,72,.17647059,6,.0024509805,.2647059,9,.0036764706,4,.18421052,2023,Gabon,7.5
Denis Cheryshev,Attack,31,179,3,2750000,3000000,683,35.947369,.10526316,2,.0029282577,.052631579,1,.0014641288,1,.37777779,2023,Russia,2.75
Dennis Appiah,Defender,30,179,5,1750000,2000000,2093,65.40625,0,0,0,0,0,0,4,.39473686,2023,France,1.75
Dennis Geiger,Midfield,24,173,2,9500000,10000000,1551,70.5,.090909094,2,.0012894906,.090909094,2,.0012894906,7,.4054054,2023,Germany,9.5
Dennis Johnsen,Attack,24,185,4,1466666.6,1500000,1687,58.172413,.13793103,4,.002371073,.034482758,1,.00059276825,3,.19512194,2023,Norway,1.4666666
Dennis Praet,Midfield,28,181,4,14666667,16000000,1544,64.333336,.083333336,2,.0012953368,.083333336,2,.0012953368,3,.34999999,2023,Belgium,14.666667
Denzel Dumfries,Midfield,26,188,4,20333334,25000000,2851,63.355556,.15555556,7,.0024552788,.11111111,5,.0017537706,4,.65384614,2023,Netherlands,20.333334
Didier Lamkel Zé,Attack,25,192,5,3000000,3500000,879,73.25,0,0,0,.41666666,5,.0056882822,4,.15789473,2023,Cameroon,3
Diego Demme,Midfield,30,170,4,10000000,12000000,1038,41.52,0,0,0,.039999999,1,.00096339115,5,.57446808,2023,Germany,10
Diego Falcinelli,Attack,31,186,4,900000,1000000,61,10.166667,0,0,0,0,0,0,0,.30769232,2023,Italy,.89999998
Dimitri Foulquier,Defender,29,183,3,3000000,4000000,2966,80.162163,.054054055,2,.00067430886,0,0,0,12,.37777779,2023,France,3
Dimitri Liénard,Midfield,34,181,5,750000,800000,2046,62,.12121212,4,.0019550342,.060606062,2,.00097751711,8,.44736841,2023,France,.75
Dimitry Bertaud,Goalkeeper,24,180,5,1300000,1500000,832,75.63636,0,0,0,0,0,0,0,.31578946,2023,France,1.3
Divock Origi,Attack,27,189,1,12000000,12000000,396,26.4,.2,3,.0075757578,.26666668,4,.01010101,0,.7719298,2023,Belgium,12
Djibril Sidibé,Defender,29,183,5,8000000,8000000,1409,61.260868,0,0,0,0,0,0,6,.5,2023,France,8
Djibril Sow,Midfield,25,184,2,19750000,22000000,3601,81.840912,.13636364,6,.0016662038,.06818182,3,.00083310192,7,.375,2023,Switzerland,19.75
Domenico Berardi,Attack,27,183,4,35000000,35000000,2895,85.147057,.5,17,.0058721933,.44117647,15,.005181347,9,.34999999,2023,Italy,35
Domenico Criscito,Defender,35,183,4,1033333.3,1500000,1710,81.428574,.047619049,1,.00058479531,.33333334,7,.0040935674,4,.14634146,2023,Italy,1.0333333
Domingos Quina,Midfield,22,173,1,2350000,2500000,71,71,0,0,0,0,0,0,0,.5,2023,Portugal,2.3499999
Dominic Calvert-Lewin,Attack,25,189,1,42333332,45000000,1332,74,.11111111,2,.0015015015,.27777779,5,.0037537538,2,.33333334,2023,England,42.333332
Dominik Kohr,Midfield,28,183,2,5500000,6000000,1864,77.666664,.125,3,.0016094421,0,0,0,11,.4054054,2023,Germany,5.5
Dominik Szoboszlai,Midfield,21,187,2,28000000,28000000,2127,47.266666,.2,9,.0042313118,.22222222,10,.0047014575,2,.53846157,2023,Hungary,28
Dominique Heintz,Defender,28,188,2,2833333.3,3000000,592,65.777779,0,0,0,0,0,0,0,.51219511,2023,Germany,2.8333333
Donny van de Beek,Midfield,25,184,1,25000000,25000000,775,38.75,0,0,0,.1,2,.0025806453,2,.33333334,2023,Netherlands,25
Donyell Malen,Attack,23,176,2,28000000,30000000,2312,60.842106,.15789473,6,.0025951557,.23684211,9,.0038927335,2,.5869565,2023,Netherlands,28
Dries Mertens,Attack,35,169,4,5333333.5,7000000,1737,46.945946,.054054055,2,.0011514105,.35135135,13,.0074841683,2,.57446808,2023,Belgium,5.3333335
Duván Zapata,Attack,31,188,4,30333334,33000000,2314,72.3125,.21875,7,.0030250647,.40625,13,.0056179776,6,.42307693,2023,Colombia,30.333334
Dwight Gayle,Attack,32,174,1,1750000,2000000,34,4.25,0,0,0,0,0,0,1,.33333334,2023,England,1.75
Dwight McNeil,Attack,22,183,1,20000000,22000000,3112,81.894737,.02631579,1,.00032133676,0,0,0,1,.17948718,2023,England,20
Dylan Bronn,Defender,27,186,5,4750000,5500000,2545,84.833336,.06666667,2,.00078585465,.033333335,1,.00039292732,10,.15789473,2023,Tunisia,4.75
Dylan Chambost,Midfield,24,177,5,1575000,1800000,750,39.473682,.052631579,1,.0013333333,0,0,0,0,.23684211,2023,France,1.575
Eberechi Eze,Midfield,24,178,1,21000000,22000000,898,52.823528,.05882353,1,.0011135858,.05882353,1,.0011135858,1,.3488372,2023,England,21
Eden Hazard,Attack,31,175,3,17750000,25000000,904,39.304348,.086956523,2,.0022123894,.043478262,1,.0011061947,2,.6964286,2023,Belgium,17.75
Edmond Tapsoba,Defender,23,192,2,37500000,40000000,2309,79.620689,0,0,0,.034482758,1,.00043308793,2,.54545456,2023,Burkina Faso,37.5
Edo Kayembe,Midfield,24,183,1,2075000,3000000,2093,74.75,.035714287,1,.00047778309,.10714286,3,.0014333492,3,.15384616,2023,DR Congo,2.075
Edoardo Goldaniga,Defender,28,193,4,1250000,1500000,983,75.615387,0,0,0,0,0,0,3,.19512194,2023,Italy,1.25
Edon Zhegrova,Attack,23,181,5,3666666.8,5000000,531,35.400002,.06666667,1,.0018832391,.13333334,2,.0037664783,2,.38297874,2023,Kosovo,3.6666667
Elbasan Rashani,Attack,29,181,5,1933333.4,2500000,1769,61,.10344828,3,.0016958733,.27586207,8,.0045223292,3,.23684211,2023,Kosovo,1.9333334
Eljif Elmas,Midfield,22,182,4,24000000,24000000,2339,50.847828,.13043478,6,.0025651988,.15217391,7,.002992732,4,.57446808,2023,FYR Macedonia,24
Ellyes Skhiri,Midfield,27,185,2,13000000,13000000,1864,81.04348,.043478262,1,.00053648069,.2173913,5,.0026824034,3,.43243244,2023,Tunisia,13
Elseid Hysaj,Defender,28,182,4,7333333.5,10000000,2609,68.657898,0,0,0,.02631579,1,.00038328863,4,.4375,2023,Albania,7.3333335
Emanuel Vignato,Attack,21,175,4,5500000,6000000,666,26.639999,.039999999,1,.0015015015,0,0,0,2,.30769232,2023,Italy,5.5
Emil Audero,Goalkeeper,25,192,4,8333333.5,12000000,2651,88.366669,0,0,0,0,0,0,2,.29268292,2023,Italy,8.333334
Emil Bohinen,Midfield,23,189,4,2600000,4000000,1022,53.789474,.052631579,1,.00097847357,.10526316,2,.0019569471,7,.2,2023,Norway,2.5999999
Emil Forsberg,Midfield,30,177,2,13500000,16000000,2366,51.434784,.086956523,4,.0016906171,.23913044,11,.0046491968,3,.53846157,2023,Sweden,13.5
Emil Krafth,Defender,27,184,1,4000000,5000000,1729,82.333336,.047619049,1,.00057836901,0,0,0,5,.33333334,2023,Sweden,4
Emile Smith Rowe,Midfield,21,182,1,36500000,40000000,1920,58.18182,.060606062,2,.0010416667,.30303031,10,.0052083335,1,.56410259,2023,England,36.5
Emiliano Buendía,Attack,25,172,1,33500000,35000000,1980,55,.16666667,6,.0030303029,.11111111,4,.0020202021,1,.33333334,2023,Argentina,33.5
Emmanuel Dennis,Attack,24,175,1,11000000,14000000,2590,78.484848,.18181819,6,.0023166023,.30303031,10,.0038610038,9,.15384616,2023,Nigeria,11
Emre Can,Midfield,28,186,2,18000000,22000000,1943,69.39286,.035714287,1,.00051466806,.17857143,5,.0025733402,6,.5869565,2023,Germany,18
Enes Ünal,Attack,25,187,3,17333334,25000000,2813,76.027023,.027027028,1,.00035549235,.43243244,16,.0056878775,8,.20512821,2023,Turkey,17.333334
Enis Bardhi,Midfield,26,172,3,9666667,12000000,1744,56.258064,.096774191,3,.0017201835,.096774191,3,.0017201835,3,.23076923,2023,FYR Macedonia,9.666667
Enock Mwepu,Midfield,24,184,1,19333334,20000000,1022,53.789474,.2631579,5,.0048923679,.10526316,2,.0019569471,2,.32499999,2023,Zambia,19.333334
Enzo Crivelli,Attack,27,183,5,2100000,2500000,543,33.9375,0,0,0,0,0,0,3,.18421052,2023,France,2.0999999
Enzo Le Fée,Midfield,22,173,5,5500000,6000000,2200,61.111111,.083333336,3,.0013636363,.055555556,2,.00090909092,2,.21052632,2023,France,5.5
Eray Cömert,Defender,24,183,3,1650000,1800000,788,65.666664,0,0,0,0,0,0,3,.37777779,2023,Switzerland,1.65
Eric Bailly,Defender,28,187,1,8000000,10000000,397,66.166664,0,0,0,0,0,0,1,.41666666,2023,Ivory Coast,8
Eric Dier,Defender,28,188,1,25000000,28000000,3282,88.702705,0,0,0,0,0,0,1,.58139533,2023,England,25
Erick Cabaco,Defender,27,185,3,1900000,2000000,435,39.545456,.090909094,1,.0022988506,0,0,0,3,.20512821,2023,Uruguay,1.9
Erik Durm,Defender,30,183,2,1600000,2000000,574,63.777779,.11111111,1,.0017421603,0,0,0,1,.375,2023,Germany,1.6
Erik Lamela,Attack,30,184,3,18666666,20000000,1134,47.25,.125,3,.0026455026,.20833333,5,.0044091712,6,.46153846,2023,Argentina,18.666666
Erik Palmer-Brown,Defender,25,186,5,2166666.8,3000000,1737,82.714287,0,0,0,0,0,0,2,.23684211,2023,United States,2.1666667
Erik Pieters,Defender,33,183,1,950000,1000000,727,60.583332,.083333336,1,.0013755158,0,0,0,1,.17948718,2023,Netherlands,.94999999
Erik Thommy,Midfield,27,175,2,1800000,1800000,283,23.583334,.083333336,1,.0035335689,0,0,0,0,.22222222,2023,Germany,1.8
Ethan Ampadu,Defender,21,182,4,14000000,15000000,2379,79.300003,.1,3,.001261034,0,0,0,14,.19512194,2023,Wales,14
Ethan Pinnock,Defender,29,194,1,11000000,12000000,2787,84.454544,.030303031,1,.00035880876,.030303031,1,.00035880876,1,.34999999,2023,England,11
Exequiel Palacios,Midfield,23,177,2,15000000,15000000,1551,48.46875,.0625,2,.0012894906,.09375,3,.001934236,3,.54545456,2023,Argentina,15
Ezequiel Ponce,Attack,25,181,3,6000000,7000000,1453,60.541668,.041666668,1,.00068823126,.20833333,5,.0034411561,2,.33333334,2023,Argentina,6
Ezri Konsa,Defender,24,183,1,23500000,25000000,2571,85.699997,0,0,0,.06666667,2,.00077790744,6,.33333334,2023,England,23.5
Fabian Bredlow,Goalkeeper,27,190,2,500000,500000,540,90,0,0,0,0,0,0,0,.22222222,2023,Germany,.5
Fabian Klos,Attack,34,194,2,533333.31,800000,1566,58,.11111111,3,.0019157088,.18518518,5,.0031928481,3,.16666667,2023,Germany,.5333333
Fabian Schär,Defender,30,186,1,7000000,7000000,2251,86.57692,.07692308,2,.00088849402,.07692308,2,.00088849402,4,.33333334,2023,Switzerland,7
Fabien Centonze,Defender,26,182,5,7500000,8000000,1587,83.526314,.052631579,1,.0006301197,.21052632,4,.0025204788,3,.15789473,2023,France,7.5
Fabio Depaoli,Defender,25,182,4,2650000,2800000,901,34.653847,.07692308,2,.0022197559,.03846154,1,.001109878,4,.375,2023,Italy,2.6500001
Fabio Quagliarella,Attack,39,180,4,1000000,1000000,1794,51.257141,.085714288,3,.0016722408,.17142858,6,.0033444816,2,.29268292,2023,Italy,1
Facundo Medina,Defender,23,184,5,10500000,11000000,2596,83.741936,0,0,0,.032258064,1,.00038520803,11,.44736841,2023,Argentina,10.5
Falaye Sacko,Defender,27,180,5,3166666.8,4000000,1773,73.875,.041666668,1,.00056401582,.041666668,1,.00056401582,3,.18421052,2023,Mali,3.1666667
Federico Bernardeschi,Attack,28,183,4,12500000,15000000,1999,55.527779,.16666667,6,.0030015009,.055555556,2,.0010005003,6,.55769229,2023,Italy,12.5
Federico Bonazzoli,Attack,25,182,4,4250000,5000000,1947,59,0,0,0,.36363637,12,.0061633284,6,.2,2023,Italy,4.25
Federico Ceccherini,Defender,30,187,4,3750000,4000000,2457,70.199997,0,0,0,.028571429,1,.00040700042,12,.375,2023,Italy,3.75
Federico Chiesa,Attack,24,175,4,67500000,70000000,1204,66.888885,.22222222,4,.0033222591,.22222222,4,.0033222591,0,.55769229,2023,Italy,67.5
Federico Di Francesco,Attack,28,171,4,2500000,3000000,1494,55.333332,.074074075,2,.0013386881,.18518518,5,.0033467202,3,.29268292,2023,Italy,2.5
Federico Dimarco,Defender,24,175,4,15666667,18000000,1897,45.166668,.11904762,5,.0026357407,.047619049,2,.0010542963,2,.65384614,2023,Italy,15.666667
Federico Fernández,Defender,33,190,1,1750000,2000000,522,74.571426,0,0,0,0,0,0,0,.33333334,2023,Argentina,1.75
Federico Valverde,Midfield,23,182,3,67500000,70000000,2862,62.217392,.043478262,2,.00069881201,.021739131,1,.00034940601,5,.6964286,2023,Uruguay,67.5
Felix Nmecha,Midfield,21,190,2,1233333.4,2000000,345,19.166666,.055555556,1,.0028985508,0,0,0,2,.31707317,2023,England,1.2333333
Felix Passlack,Defender,24,170,2,2000000,2500000,704,46.933334,.06666667,1,.0014204546,.06666667,1,.0014204546,0,.5869565,2023,Germany,2
Felix Uduokhai,Defender,24,192,2,12666667,16000000,874,62.42857,0,0,0,0,0,0,1,.30555555,2023,Germany,12.666667
Ferland Mendy,Defender,27,180,3,45000000,50000000,2816,80.457146,.14285715,5,.0017755682,.057142857,2,.00071022729,7,.6964286,2023,France,45
Fikayo Tomori,Defender,24,185,4,45000000,50000000,3356,83.900002,0,0,0,.025,1,.00029797378,7,.60416669,2023,England,45
Filip Kostić,Midfield,29,184,2,21333334,24000000,3664,85.209305,.3488372,15,.0040938864,.1627907,7,.0019104803,3,.375,2023,Serbia,21.333334
Filippo Bandinelli,Midfield,27,180,4,2166666.8,3000000,2165,56.973682,.10526316,4,.0018475751,.052631579,2,.00092378753,10,.29268292,2023,Italy,2.1666667
Filippo Melegoni,Midfield,23,186,4,1466666.6,2000000,1124,41.629631,0,0,0,.037037037,1,.00088967971,2,.14634146,2023,Italy,1.4666666
Finn Dahmen,Goalkeeper,24,186,2,1750000,2000000,180,90,0,0,0,0,0,0,0,.4054054,2023,Germany,1.75
Flavien Tait,Midfield,29,176,5,8000000,8000000,2311,77.033333,.13333334,4,.0017308524,.16666667,5,.0021635655,3,.55000001,2023,France,8
Florent Mollet,Midfield,30,175,5,6500000,7000000,2649,75.685715,.057142857,2,.00075500191,.17142858,6,.0022650056,6,.31578946,2023,France,6.5
Florent Ogier,Defender,33,183,5,700000,700000,2435,81.166664,0,0,0,.033333335,1,.00041067763,6,.23684211,2023,France,.69999999
Florian Grillitsch,Midfield,26,187,2,16000000,16000000,1495,83.055557,0,0,0,0,0,0,7,.4054054,2023,Austria,16
Florian Kainz,Attack,29,176,2,3500000,3500000,2435,71.617645,.20588236,7,.0028747434,.11764706,4,.0016427105,4,.43243244,2023,Austria,3.5
Florian Krüger,Attack,23,186,2,2433333.3,3000000,1196,41.241379,.068965517,2,.0016722408,.034482758,1,.00083612039,0,.16666667,2023,Germany,2.4333332
Florian Müller,Goalkeeper,24,190,2,6500000,8000000,2700,90,0,0,0,0,0,0,0,.22222222,2023,Germany,6.5
Florian Neuhaus,Midfield,25,185,2,23333334,28000000,2303,71.96875,.125,4,.0017368649,.125,4,.0017368649,2,.37837839,2023,Germany,23.333334
Florian Niederlechner,Attack,31,187,2,2600000,3000000,1235,45.740742,.22222222,6,.0048582996,.22222222,6,.0048582996,1,.30555555,2023,Germany,2.5999999
Florian Sotoca,Attack,31,187,5,2500000,2500000,2490,71.14286,.085714288,3,.0012048193,.17142858,6,.0024096386,7,.44736841,2023,France,2.5
Florian Tardieu,Midfield,30,184,5,2333333.3,3000000,2631,87.699997,.06666667,2,.00076016726,.13333334,4,.0015203345,6,.23684211,2023,France,2.3333333
Florin Andone,Attack,29,181,3,1233333.4,1500000,419,46.555557,0,0,0,.11111111,1,.0023866349,1,.27906978,2023,Romania,1.2333333
Fodé Ballo-Touré,Defender,25,182,4,4250000,5000000,534,44.5,0,0,0,0,0,0,2,.60416669,2023,France,4.25
Francesco Acerbi,Defender,34,192,4,5333333.5,7000000,3077,85.472221,.055555556,2,.00064998376,.11111111,4,.0012999675,3,.4375,2023,Italy,5.3333335
Francesco Bardi,Goalkeeper,30,188,4,650000,700000,178,89,0,0,0,0,0,0,0,.30769232,2023,Italy,.64999998
Francesco Caputo,Attack,34,181,4,3166666.8,4000000,3061,76.525002,.175,7,.0022868344,.27500001,11,.0035935969,1,.29268292,2023,Italy,3.1666667
Francesco Di Tacchio,Midfield,32,186,4,500000,600000,1379,68.949997,0,0,0,0,0,0,4,.2,2023,Italy,.5
Francesco Rossi,Goalkeeper,31,193,4,100000,100000,36,36,0,0,0,0,0,0,0,.42307693,2023,Italy,.1
Francis Coquelin,Midfield,31,177,3,5000000,5000000,1287,45.964287,.071428575,2,.0015540016,.10714286,3,.0023310024,5,.42592594,2023,France,5
Francisco Sierralta,Defender,25,192,1,1500000,1500000,518,86.333336,0,0,0,0,0,0,0,.15384616,2023,Chile,1.5
Franck Honorat,Attack,25,180,5,9666667,10000000,2911,85.617645,.17647059,6,.0020611475,.32352942,11,.0037787701,3,.34210527,2023,France,9.666667
Franco Cervi,Attack,28,166,3,4500000,5000000,2006,55.722221,.1388889,5,.0024925224,.16666667,6,.002991027,5,.34146342,2023,Argentina,4.5
Franco Russo,Defender,27,186,3,1066666.6,1200000,1689,76.772728,0,0,0,.045454547,1,.00059206632,8,.3255814,2023,Argentina,1.0666666
Frank Onyeka,Midfield,24,183,1,9333333,10000000,1051,52.549999,0,0,0,0,0,0,4,.34999999,2023,Nigeria,9.333333
Fraser Forster,Goalkeeper,34,201,1,2250000,2500000,1920,91.428574,0,0,0,0,0,0,1,.2857143,2023,England,2.25
Fraser Hornby,Attack,22,195,5,1100000,1200000,350,43.75,0,0,0,0,0,0,1,.28947368,2023,Scotland,1.1
Freddie Woodman,Goalkeeper,25,188,1,9500000,10000000,450,90,0,0,0,0,0,0,0,.5,2023,England,9.5
Fredrik Jensen,Midfield,24,183,2,1750000,2000000,487,37.46154,.07692308,1,.0020533882,.07692308,1,.0020533882,0,.30555555,2023,Finland,1.75
Frenkie de Jong,Midfield,25,181,3,65000000,70000000,3530,75.106384,.10638298,5,.0014164306,.08510638,4,.0011331445,10,.49056605,2023,Netherlands,65
Frédéric Guilbert,Defender,27,178,5,6500000,7000000,2520,76.36364,.12121212,4,.0015873016,0,0,0,4,.44736841,2023,France,6.5
Frédéric Veseli,Defender,29,183,4,500000,600000,597,66.333336,0,0,0,0,0,0,3,.2,2023,Albania,.5
Gaetano Castrovilli,Midfield,25,187,4,13500000,15000000,1651,61.148148,.074074075,2,.001211387,.037037037,1,.00060569349,5,.52272725,2023,Italy,13.5
Gauthier Gallon,Goalkeeper,29,187,5,2500000,2500000,2790,90,0,0,0,0,0,0,2,.23684211,2023,France,2.5
Gaël Kakuta,Midfield,31,173,5,7000000,7000000,1683,58.034481,.068965517,2,.0011883541,.10344828,3,.0017825312,1,.44736841,2023,DR Congo,7
Gaëtan Poussin,Goalkeeper,23,186,5,1000000,1000000,1170,90,0,0,0,0,0,0,2,.15789473,2023,France,1
Geoffrey Kondogbia,Midfield,29,188,3,17500000,20000000,2603,66.743591,.051282052,2,.00076834421,.025641026,1,.0003841721,14,.49019608,2023,Central African Rep.,17.5
George Bello,Defender,20,170,2,3500000,4000000,427,42.700001,0,0,0,0,0,0,0,.16666667,2023,United States,3.5
Georginio Wijnaldum,Midfield,31,175,5,21666666,25000000,1931,52.18919,.081081077,3,.0015535991,.081081077,3,.0015535991,2,.63829786,2023,Netherlands,21.666666
Gerrit Holtmann,Attack,27,185,2,3550000,4500000,2150,65.151512,.21212122,7,.0032558138,.15151516,5,.0023255814,0,.39473686,2023,Germany,3.55
Gerzino Nyamsi,Defender,25,195,5,5500000,7500000,2983,87.735291,.05882353,2,.00067046599,0,0,0,4,.44736841,2023,France,5.5
Gerónimo Rulli,Goalkeeper,30,189,3,6000000,6000000,4108,89.304344,0,0,0,0,0,0,4,.42592594,2023,Argentina,6
Ghislain Konan,Defender,26,176,5,6500000,7000000,2422,86.5,.10714286,3,.0012386458,.035714287,1,.00041288193,1,.28947368,2023,Ivory Coast,6.5
Giacomo Bonaventura,Midfield,32,180,4,3500000,4000000,2509,71.685715,.25714287,9,.0035870865,.11428571,4,.0015942607,8,.52272725,2023,Italy,3.5
Gian Marco Ferrari,Defender,30,189,4,8500000,10000000,3306,87,.02631579,1,.00030248033,.02631579,1,.00030248033,7,.34999999,2023,Italy,8.5
Giangiacomo Magnani,Defender,26,191,4,4050000,4500000,876,43.799999,0,0,0,0,0,0,3,.29268292,2023,Italy,4.0500002
Gianluca Caprari,Attack,28,171,4,9000000,10000000,2760,76.666664,.19444445,7,.0025362319,.33333334,12,.0043478259,4,.375,2023,Italy,9
Gianluca Mancini,Defender,26,190,4,25333334,30000000,3153,87.583336,0,0,0,0,0,0,18,.5,2023,Italy,25.333334
Gianluca Pegolo,Goalkeeper,41,183,4,100000,100000,270,90,0,0,0,0,0,0,0,.34999999,2023,Italy,.1
Gianluca Scamacca,Attack,23,195,4,26666666,30000000,2311,60.815788,.02631579,1,.0004327131,.42105263,16,.0069234096,7,.34999999,2023,Italy,26.666666
Gianluigi Donnarumma,Goalkeeper,23,196,5,57500000,65000000,1980,90,0,0,0,0,0,0,5,.63829786,2023,Italy,57.5
Gideon Jung,Defender,27,189,2,700000,700000,260,43.333332,0,0,0,0,0,0,0,.085714288,2023,Germany,.69999999
Giovani Lo Celso,Midfield,26,177,3,22000000,22000000,2066,60.764706,.05882353,2,.00096805423,.029411765,1,.00048402711,5,.42592594,2023,Argentina,22
Giovanni Di Lorenzo,Defender,28,183,4,25000000,25000000,3713,88.404762,.16666667,7,.001885268,.023809524,1,.00026932399,5,.57446808,2023,Italy,25
Giulio Maggiore,Midfield,24,184,4,8250000,8500000,2923,81.194443,.11111111,4,.0013684571,.055555556,2,.00068422855,9,.27500001,2023,Italy,8.25
Giuseppe Pezzella,Defender,24,187,4,5500000,6000000,1306,45.034481,.10344828,3,.0022970904,0,0,0,4,.42307693,2023,Italy,5.5
Gonzalo Escalante,Midfield,29,182,3,2250000,2500000,1314,73,.055555556,1,.00076103501,.27777779,5,.003805175,8,.22499999,2023,Argentina,2.25
Gonzalo Montiel,Defender,25,175,3,15500000,17000000,1643,58.67857,.10714286,3,.0018259282,.035714287,1,.0006086427,10,.46153846,2023,Argentina,15.5
Granit Xhaka,Midfield,29,186,1,20000000,20000000,2331,86.333336,.074074075,2,.00085800089,.037037037,1,.00042900044,10,.56410259,2023,Switzerland,20
Grant Hanley,Defender,30,188,1,3750000,4000000,3079,87.971428,0,0,0,.028571429,1,.00032478076,4,.17073171,2023,Scotland,3.75
Gregor Kobel,Goalkeeper,24,194,2,20000000,22000000,3555,88.875,0,0,0,0,0,0,0,.5869565,2023,Switzerland,20
Grejohn Kyei,Attack,26,187,5,1400000,1500000,391,27.928572,.071428575,1,.0025575447,0,0,0,1,.23684211,2023,France,1.4
Grischa Prömel,Midfield,27,184,2,5833333.5,7500000,2818,85.393936,.060606062,2,.00070972322,.24242425,8,.0028388929,5,.51219511,2023,Germany,5.8333335
Guglielmo Vicario,Goalkeeper,25,194,4,7500000,10000000,3510,90,0,0,0,0,0,0,1,.29268292,2023,Italy,7.5
Guido Rodríguez,Midfield,28,185,3,25000000,25000000,3844,81.787231,.063829787,3,.00078043703,.04255319,2,.00052029139,12,.53571427,2023,Argentina,25
Habib Maïga,Midfield,26,181,5,4000000,4500000,1273,74.882355,0,0,0,.11764706,2,.0015710919,6,.15789473,2023,Ivory Coast,4
Hakan Çalhanoğlu,Midfield,28,178,4,33333334,35000000,3357,72.978264,.28260869,13,.0038725052,.17391305,8,.0023830801,11,.65384614,2023,Turkey,33.333336
Hakim Ziyech,Midfield,29,181,1,31666666,35000000,2244,56.099998,.125,5,.0022281639,.2,8,.0035650623,5,.63157892,2023,Morocco,31.666666
Hamari Traoré,Defender,30,175,5,9000000,10000000,3070,87.714287,.2857143,10,.0032573289,.085714288,3,.00097719871,4,.55000001,2023,Mali,9
Hamed Junior Traorè,Midfield,22,177,4,20666666,22000000,1840,57.5,.125,4,.0021739129,.25,8,.0043478259,4,.34999999,2023,Ivory Coast,20.666666
Hamza Choudhury,Midfield,24,178,1,4500000,5000000,402,50.25,0,0,0,0,0,0,1,.38297874,2023,England,4.5
Hans Hateboer,Midfield,28,185,4,15000000,16000000,2112,70.400002,0,0,0,0,0,0,2,.42307693,2023,Netherlands,15
Haris Belkebla,Midfield,28,177,5,3500000,4000000,2312,74.580643,0,0,0,0,0,0,2,.34210527,2023,Algeria,3.5
Harold Moukoudi,Defender,24,191,5,4500000,5000000,1657,69.041664,0,0,0,0,0,0,3,.18421052,2023,France,4.5
Harry Kane,Attack,28,188,1,95000000,100000000,3535,86.219513,.21951219,9,.0025459689,.53658539,22,.0062234793,5,.58139533,2023,England,95
Harry Maguire,Defender,29,194,1,42000000,48000000,3169,85.648651,0,0,0,.054054055,2,.00063111394,9,.41666666,2023,England,42
Harry Winks,Midfield,26,178,1,16000000,17000000,1374,57.25,.041666668,1,.00072780205,.041666668,1,.00072780205,2,.58139533,2023,England,16
Hassane Kamara,Defender,28,170,1,5666666.5,7000000,2171,72.366669,0,0,0,.033333335,1,.00046061722,7,.15384616,2023,France,5.6666665
Henrikh Mkhitaryan,Midfield,33,177,4,9000000,10000000,2791,79.742859,.22857143,8,.0028663562,.14285715,5,.0017914725,4,.5,2023,Armenia,9
Houboulang Mendes,Defender,24,184,5,2433333.3,3000000,3223,89.527779,.055555556,2,.00062053988,0,0,0,5,.21052632,2023,France,2.4333332
Houssem Aouar,Midfield,24,175,5,30500000,35000000,3072,68.26667,.088888891,4,.0013020834,.17777778,8,.0026041667,1,.47916666,2023,France,30.5
Hugo Lloris,Goalkeeper,35,188,1,7000000,7000000,3630,90.75,0,0,0,0,0,0,2,.58139533,2023,France,7
Hugo Magnetti,Midfield,24,180,5,1500000,2000000,1459,52.107143,.035714287,1,.00068540097,0,0,0,4,.34210527,2023,France,1.5
Ibrahim Amadou,Midfield,29,183,5,2250000,2500000,814,81.400002,0,0,0,.1,1,.0012285012,4,.15789473,2023,France,2.25
Ibrahima Baldé,Attack,19,185,5,233333.33,300000,54,13.5,0,0,0,0,0,0,0,.44736841,2023,Senegal,.23333333
Ibrahima Diallo,Midfield,23,179,1,11000000,12000000,1285,47.592594,.074074075,2,.0015564202,0,0,0,2,.2857143,2023,France,11
Ibrahima Konaté,Defender,23,194,1,35000000,40000000,2280,91.199997,.039999999,1,.0004385965,.12,3,.0013157895,3,.7719298,2023,France,35
Ibrahima Koné,Attack,23,190,5,3100000,4500000,726,45.375,.0625,1,.0013774105,.3125,5,.0068870522,2,.21052632,2023,Mali,3.0999999
Ibrahima Niane,Attack,23,187,5,6166666.5,7500000,1589,61.115383,.03846154,1,.00062932662,.11538462,3,.0018879799,2,.15789473,2023,Senegal,6.1666665
Ibrahima Sissoko,Midfield,24,193,5,7666666.5,8000000,2307,65.914284,.17142858,6,.0026007802,.057142857,2,.00086692674,6,.44736841,2023,France,7.6666665
Ignacio Pussetto,Attack,26,180,4,3333333.3,4000000,1439,46.419353,.12903225,4,.0027797082,.19354838,6,.0041695624,5,.31707317,2023,Argentina,3.3333333
Ignatius Ganago,Attack,23,176,5,6000000,7000000,1017,36.32143,.035714287,1,.0009832842,.17857143,5,.0049164207,2,.44736841,2023,Cameroon,6
Ihlas Bebou,Attack,28,185,2,16000000,16000000,2198,75.793106,.10344828,3,.0013648772,.24137931,7,.0031847134,0,.4054054,2023,Togo,16
Iké Ugbo,Attack,23,184,5,4250000,5000000,1600,43.243244,0,0,0,.24324325,9,.0056250002,1,.23684211,2023,England,4.25
Ilija Nestorovski,Attack,32,182,4,750000,800000,221,24.555555,.11111111,1,.0045248871,.11111111,1,.0045248871,1,.31707317,2023,FYR Macedonia,.75
Illan Meslier,Goalkeeper,22,197,1,20000000,20000000,3475,89.102562,0,0,0,0,0,0,2,.23076923,2023,France,20
Irvin Cardona,Attack,24,185,5,5166666.5,6000000,1328,41.5,.0625,2,.001506024,.125,4,.0030120481,2,.34210527,2023,France,5.1666665
Isaac Hayden,Midfield,27,187,1,9000000,10000000,1001,71.5,0,0,0,.071428575,1,.00099900097,5,.33333334,2023,England,9
Isaac Success,Attack,26,182,4,2500000,3000000,1068,44.5,.375,9,.0084269661,.125,3,.0028089888,1,.31707317,2023,Nigeria,2.5
Ismaël Bennacer,Midfield,24,175,4,31500000,33000000,2103,52.575001,.025,1,.00047551119,.050000001,2,.00095102238,8,.60416669,2023,Algeria,31.5
Ismaël Traoré,Defender,35,184,5,700000,800000,3215,86.891891,.027027028,1,.00031104198,.10810811,4,.0012441679,1,.2631579,2023,Ivory Coast,.69999999
Ismaïla Sarr,Attack,24,185,1,27000000,27000000,1865,84.772728,.090909094,2,.001072386,.22727273,5,.0026809652,2,.15384616,2023,Senegal,27
Issa Diop,Defender,25,194,1,12333333,15000000,1729,75.173912,.086956523,2,.001156738,.043478262,1,.00057836901,2,.4528302,2023,France,12.333333
Ivan Provedel,Goalkeeper,28,194,4,2550000,3500000,2762,89.096771,0,0,0,0,0,0,2,.27500001,2023,Italy,2.55
Ivan Toney,Attack,26,185,1,33500000,35000000,3005,85.85714,.14285715,5,.0016638935,.37142858,13,.0043261233,8,.34999999,2023,England,33.5
Iván Marcone,Midfield,32,182,3,2250000,2500000,882,40.090908,0,0,0,0,0,0,5,.33333334,2023,Argentina,2.25
Jack Butland,Goalkeeper,29,196,1,1900000,2000000,1215,86.785713,0,0,0,0,0,0,1,.3488372,2023,England,1.9
Jack Clarke,Attack,21,181,1,4250000,5000000,45,45,0,0,0,0,0,0,0,.58139533,2023,England,4.25
Jack Cork,Midfield,33,185,1,2400000,3000000,1721,81.952377,0,0,0,.047619049,1,.00058105751,4,.17948718,2023,England,2.4000001
Jack Grealish,Attack,26,180,1,83333336,100000000,2723,71.657898,.10526316,4,.001468968,.15789473,6,.0022034522,3,.71428573,2023,England,83.333336
Jack Harrison,Attack,25,175,1,16500000,18000000,2737,76.027779,.027777778,1,.00036536355,.22222222,8,.0029229084,3,.23076923,2023,England,16.5
Jack Stephens,Defender,28,185,1,7666666.5,8000000,1231,82.066666,0,0,0,0,0,0,4,.2857143,2023,England,7.6666665
Jacob Barrett Laursen,Defender,27,179,2,1466666.6,1700000,1730,69.199997,.039999999,1,.00057803467,.12,3,.001734104,2,.16666667,2023,Denmark,1.4666666
Jacob Bruun Larsen,Attack,23,183,2,6333333.5,6500000,943,33.67857,.071428575,2,.0021208909,.17857143,5,.0053022271,1,.4054054,2023,Denmark,6.3333335
Jacob Murphy,Attack,27,173,1,4666666.5,5000000,1520,44.705883,.05882353,2,.0013157895,.029411765,1,.00065789477,4,.33333334,2023,England,4.6666665
Jacopo Sala,Midfield,30,181,4,600000,700000,894,47.052631,0,0,0,.052631579,1,.0011185682,3,.27500001,2023,Italy,.60000002
Jadon Sancho,Attack,22,180,1,82500000,90000000,2395,64.729729,.081081077,3,.0012526097,.13513513,5,.0020876827,0,.41666666,2023,England,82.5
Jakub Jankto,Midfield,26,184,3,5666666.5,8000000,726,45.375,.125,2,.002754821,0,0,0,2,.20512821,2023,Czech Republic,5.6666665
Jamaal Lascelles,Defender,28,188,1,10500000,11000000,2056,79.07692,0,0,0,.03846154,1,.00048638132,5,.33333334,2023,England,10.5
Jamal Lewis,Defender,24,178,1,10666667,12000000,263,52.599998,0,0,0,0,0,0,1,.33333334,2023,Northern Ireland,10.666667
James Garner,Midfield,21,182,1,5500000,7000000,358,89.5,.5,2,.005586592,0,0,0,1,.75,2023,England,5.5
James Justin,Defender,24,183,1,21000000,25000000,1087,77.64286,0,0,0,0,0,0,0,.38297874,2023,England,21
James Maddison,Midfield,25,175,1,50000000,50000000,2996,69.674416,.25581396,11,.0036715621,.3255814,14,.004672897,5,.38297874,2023,England,50
James McArthur,Midfield,34,178,1,1350000,1500000,1509,68.590912,.18181819,4,.0026507622,0,0,0,3,.3488372,2023,Scotland,1.35
James Tarkowski,Defender,29,185,1,22000000,22000000,3197,88.805557,.055555556,2,.00062558649,.027777778,1,.00031279324,11,.17948718,2023,England,22
James Tomkins,Defender,33,192,1,1750000,2000000,546,68.25,0,0,0,.125,1,.0018315018,2,.3488372,2023,England,1.75
Jamie Shackleton,Midfield,22,168,1,2750000,3000000,707,50.5,0,0,0,0,0,0,4,.23076923,2023,England,2.75
Jamie Vardy,Attack,35,179,1,5000000,5000000,1996,66.533333,.06666667,2,.001002004,.5,15,.00751503,2,.38297874,2023,England,5
Jan Bednarek,Defender,26,189,1,22000000,22000000,2751,85.96875,0,0,0,.125,4,.0014540168,10,.2857143,2023,Poland,22
Jan Oblak,Goalkeeper,29,188,3,52500000,60000000,4590,90,0,0,0,0,0,0,2,.49019608,2023,Slovenia,52.5
Janik Haberer,Midfield,28,186,2,3750000,4000000,935,31.166666,0,0,0,.1,3,.0032085562,1,.5,2023,Germany,3.75
Jannik Vestergaard,Defender,29,199,1,14000000,15000000,842,60.142857,0,0,0,0,0,0,3,.38297874,2023,Denmark,14
Japhet Tanganga,Defender,23,184,1,14000000,15000000,829,69.083336,0,0,0,0,0,0,4,.58139533,2023,England,14
Jarrod Bowen,Attack,25,182,1,38500000,42000000,3882,80.875,.27083334,13,.0033487892,.35416666,17,.0043791858,7,.4528302,2023,England,38.5
Jason Berthomier,Midfield,32,177,5,1133333.4,1200000,1745,60.172413,.1724138,5,.0028653296,.034482758,1,.00057306589,0,.23684211,2023,France,1.1333333
Jason Denayer,Defender,27,184,5,17000000,20000000,1361,68.050003,.050000001,1,.00073475385,.15000001,3,.0022042615,2,.47916666,2023,Belgium,17
Jason Steele,Goalkeeper,31,188,1,700000,800000,90,90,0,0,0,0,0,0,0,.32499999,2023,England,.69999999
Jasper Cillessen,Goalkeeper,33,187,3,3500000,4000000,1368,85.5,.0625,1,.00073099416,0,0,0,1,.37777779,2023,Netherlands,3.5
Javairô Dilrosun,Attack,24,175,5,6333333.5,7000000,1902,54.342857,.17142858,6,.0031545742,.057142857,2,.0010515247,3,.15789473,2023,Netherlands,6.3333335
Jean-Charles Castelletto,Defender,27,186,5,3333333.3,4000000,2512,89.714287,0,0,0,.035714287,1,.00039808918,8,.39473686,2023,Cameroon,3.3333333
Jean-Clair Todibo,Defender,22,190,5,17333334,20000000,3116,86.555557,0,0,0,.027777778,1,.00032092427,6,.52631581,2023,France,17.333334
Jean-Claude Billong,Defender,28,192,5,950000,1000000,976,65.066666,0,0,0,0,0,0,2,.23684211,2023,France,.94999999
Jean-Daniel Akpa Akpro,Midfield,29,180,4,2600000,3200000,417,32.076923,0,0,0,0,0,0,2,.4375,2023,Ivory Coast,2.5999999
Jean-Kévin Augustin,Attack,25,179,5,1500000,1500000,77,11,0,0,0,0,0,0,1,.39473686,2023,France,1.5
Jean-Kévin Duverne,Defender,24,186,5,3566666.8,4000000,3006,81.24324,.081081077,3,.00099800399,.027027028,1,.00033266799,1,.34210527,2023,France,3.5666668
Jean-Louis Leca,Goalkeeper,36,180,5,550000,600000,2314,85.703705,0,0,0,0,0,0,3,.44736841,2023,France,.55000001
Jean-Paul Boëtius,Midfield,28,178,2,4333333.5,5000000,2027,56.305557,.11111111,4,.0019733596,.055555556,2,.00098667981,3,.4054054,2023,Netherlands,4.3333335
Jean-Philippe Mateta,Attack,25,192,1,7750000,10000000,1510,55.925926,.037037037,1,.00066225167,.25925925,7,.0046357615,2,.3488372,2023,France,7.75
Jean-Pierre Nsame,Attack,29,188,4,5333333.5,7000000,235,21.363636,.090909094,1,.004255319,0,0,0,0,.19512194,2023,Cameroon,5.3333335
Jean-Ricner Bellegarde,Midfield,24,172,5,7000000,8000000,2349,65.25,.083333336,3,.0012771392,.055555556,2,.00085142616,5,.44736841,2023,France,7
Jean-Victor Makengo,Midfield,24,177,4,5750000,7500000,2512,69.777779,.083333336,3,.0011942675,.027777778,1,.00039808918,7,.31707317,2023,France,5.75
Jed Steer,Goalkeeper,29,183,1,700000,800000,194,64.666664,0,0,0,0,0,0,0,.66666669,2023,England,.69999999
Jeff Hendrick,Midfield,30,185,1,6000000,7000000,115,28.75,0,0,0,.25,1,.0086956518,0,.5,2023,Republic of Ireland,6
Jeff Reine-Adélaïde,Midfield,24,184,5,17000000,20000000,193,17.545454,.090909094,1,.005181347,0,0,0,0,.47916666,2023,France,17
Jeffrey Gouweleeuw,Defender,30,188,2,4000000,4500000,2698,89.933334,0,0,0,.06666667,2,.00074128987,9,.30555555,2023,Netherlands,4
Jeffrey Schlupp,Midfield,29,178,1,8000000,8000000,2102,58.388889,.055555556,2,.00095147477,.11111111,4,.0019029495,3,.3488372,2023,Ghana,8
Jens Grahl,Goalkeeper,33,192,2,200000,200000,90,90,0,0,0,0,0,0,0,.375,2023,Germany,.2
Jens Petter Hauge,Attack,22,184,2,8500000,9500000,1401,36.86842,.052631579,2,.0014275517,.078947365,3,.0021413276,4,.375,2023,Norway,8.5
Jens Stryger Larsen,Defender,31,182,4,2333333.3,3000000,746,62.166668,.083333336,1,.0013404826,0,0,0,1,.31707317,2023,Denmark,2.3333333
Jerdy Schouten,Midfield,25,185,4,8500000,9000000,1483,82.388885,.055555556,1,.00067430886,.055555556,1,.00067430886,4,.30769232,2023,Netherlands,8.5
Jere Uronen,Defender,27,177,5,2250000,2500000,877,58.466667,0,0,0,0,0,0,0,.34210527,2023,Finland,2.25
Jeremy Dudziak,Defender,26,176,2,1700000,1800000,1139,51.772728,.13636364,3,.0026338894,.090909094,2,.0017559263,1,.085714288,2023,Germany,1.7
Jeremy Toljan,Defender,27,182,4,5000000,5000000,1399,69.949997,0,0,0,0,0,0,2,.34999999,2023,Germany,5
Jeroen Zoet,Goalkeeper,31,189,4,1025000,1200000,810,90,0,0,0,0,0,0,0,.27500001,2023,Netherlands,1.025
Jesper Lindstrøm,Midfield,22,182,2,13666667,17000000,2650,67.948715,.23076923,9,.0033962263,.12820514,5,.0018867925,0,.375,2023,Denmark,13.666667
Jesse Lingard,Midfield,29,174,1,19000000,20000000,477,22.714285,.047619049,1,.002096436,.095238097,2,.004192872,1,.41666666,2023,England,19
Jessy Moulin,Goalkeeper,36,184,5,283333.34,300000,630,90,0,0,0,0,0,0,1,.23684211,2023,France,.28333333
Jimmy Cabot,Midfield,28,164,5,4000000,5000000,2012,83.833336,.25,6,.0029821075,0,0,0,4,.2631579,2023,France,4
Joachim Andersen,Defender,26,192,1,23500000,25000000,3275,86.184212,.078947365,3,.00091603055,0,0,0,4,.3488372,2023,Denmark,23.5
Joaquín Correa,Attack,27,188,4,26333334,30000000,1317,36.583332,.055555556,2,.0015186028,.16666667,6,.0045558088,3,.65384614,2023,Argentina,26.333334
Joe Gomez,Defender,25,188,1,21666666,25000000,755,44.411766,.05882353,1,.0013245033,0,0,0,3,.7719298,2023,England,21.666666
Joe Rodon,Defender,24,193,1,8000000,8000000,190,38,0,0,0,0,0,0,0,.58139533,2023,Wales,8
Joel Obi,Midfield,31,178,4,550000,600000,1230,53.47826,.043478262,1,.00081300811,0,0,0,4,.2,2023,Nigeria,.55000001
Joel Ward,Defender,32,186,1,2000000,2000000,2752,88.774193,0,0,0,0,0,0,8,.3488372,2023,England,2
Johan Gastien,Midfield,34,179,5,700000,800000,2752,86,.03125,1,.00036337209,0,0,0,7,.23684211,2023,France,.69999999
Johan Vásquez,Defender,23,185,4,4166666.8,4500000,1422,83.647057,0,0,0,0,0,0,3,.14634146,2023,Mexico,4.166667
John Anthony Brooks,Defender,29,194,2,9500000,12000000,3068,85.222221,.027777778,1,.00032594524,.027777778,1,.00032594524,6,.31707317,2023,United States,9.5
John Guidetti,Attack,30,185,3,1000000,1000000,404,33.666668,.083333336,1,.0024752475,.083333336,1,.0024752475,2,.22499999,2023,Sweden,1
John McGinn,Midfield,27,178,1,31000000,32000000,3183,88.416664,.11111111,4,.001256676,.083333336,3,.00094250706,8,.33333334,2023,Scotland,31
John Stones,Defender,28,188,1,28000000,28000000,2070,79.615387,0,0,0,.07692308,2,.00096618355,1,.71428573,2023,England,28
Jonas Hector,Defender,32,185,2,3750000,4000000,2885,87.42424,.18181819,6,.0020797227,0,0,0,4,.43243244,2023,Germany,3.75
Jonas Lössl,Goalkeeper,33,195,1,1000000,1000000,1470,91.875,0,0,0,0,0,0,2,.34999999,2023,Denmark,1
Jonas Martin,Midfield,32,184,5,2666666.8,3000000,2112,72.827583,.034482758,1,.00047348486,.034482758,1,.00047348486,8,.55000001,2023,France,2.6666667
Jonas Omlin,Goalkeeper,28,190,5,8000000,8000000,2589,89.275864,0,0,0,0,0,0,0,.31578946,2023,Switzerland,8
Jonas Wind,Attack,23,190,2,9500000,14000000,2786,81.941177,.20588236,7,.0025125628,.32352942,11,.0039483132,3,.31707317,2023,Denmark,9.5
Jonathan Bamba,Attack,26,175,5,19666666,22000000,2996,78.842102,.078947365,3,.0010013351,.02631579,1,.00033377839,6,.38297874,2023,France,19.666666
Jonathan Burkardt,Attack,21,183,2,13500000,17000000,2846,76.918922,.10810811,4,.0014054814,.37837839,14,.0049191848,0,.4054054,2023,Germany,13.5
Jonathan Clauss,Defender,29,178,5,12333333,15000000,3061,82.729729,.2972973,11,.0035935969,.13513513,5,.0016334531,3,.44736841,2023,France,12.333333
Jonathan David,Attack,22,180,5,47500000,50000000,3568,75.914894,0,0,0,.38297874,18,.0050448431,3,.38297874,2023,Canada,47.5
Jonathan Gradit,Defender,29,180,5,4250000,4500000,3073,87.800003,0,0,0,0,0,0,7,.44736841,2023,France,4.25
Jonathan Schmid,Defender,32,179,2,1350000,1500000,797,49.8125,.0625,1,.0012547051,.0625,1,.0012547051,0,.5,2023,France,1.35
Jonathan Silva,Defender,28,178,3,2100000,2500000,310,31,0,0,0,0,0,0,4,.20512821,2023,Argentina,2.0999999
Jonathan Tah,Defender,26,195,2,25000000,25000000,3647,86.833336,.071428575,3,.00082259392,.047619049,2,.00054839597,4,.54545456,2023,Germany,25
Jonjo Shelvey,Midfield,30,184,1,10500000,11000000,2076,83.040001,.039999999,1,.00048169558,.079999998,2,.00096339115,7,.33333334,2023,England,10.5
Jonjoe Kenny,Defender,25,176,1,4250000,4500000,1243,65.421051,.15789473,3,.0024135157,0,0,0,3,.33333334,2023,England,4.25
Jordan Amavi,Defender,28,176,5,7000000,8000000,544,54.400002,0,0,0,0,0,0,1,.52631581,2023,France,7
Jordan Ayew,Attack,30,182,1,6000000,6000000,2124,64.36364,.090909094,3,.0014124294,.090909094,3,.0014124294,2,.3488372,2023,Ghana,6
Jordan Ferri,Midfield,30,173,5,5000000,5000000,2920,85.882355,.05882353,2,.00068493153,0,0,0,13,.31578946,2023,France,5
Jordan Hugill,Attack,30,183,1,1800000,1800000,32,32,0,0,0,0,0,0,0,.5,2023,England,1.8
Jordan Lotomba,Defender,23,177,5,6500000,7000000,1780,59.333332,0,0,0,0,0,0,4,.52631581,2023,Switzerland,6.5
Jordan Pickford,Goalkeeper,28,185,1,22500000,25000000,3330,90,0,0,0,0,0,0,2,.33333334,2023,England,22.5
Jordan Veretout,Midfield,29,177,4,23000000,30000000,2611,65.275002,.22499999,9,.0034469552,.1,4,.0015319801,7,.5,2023,France,23
Joseph Aidoo,Defender,26,181,3,5666666.5,7000000,2640,82.5,0,0,0,0,0,0,1,.34146342,2023,Ghana,5.6666665
Josh Brownhill,Midfield,26,179,1,7000000,7000000,3043,84.527779,.083333336,3,.00098586921,.055555556,2,.00065724616,10,.17948718,2023,England,7
Joshua Kimmich,Midfield,27,177,2,82500000,85000000,3405,87.307693,.30769232,12,.0035242292,.07692308,3,.00088105729,5,.70212764,2023,Germany,82.5
Josip Brekalo,Attack,24,175,4,14333333,15000000,2457,70.199997,.085714288,3,.0012210013,.22857143,8,.0032560034,1,.34999999,2023,Croatia,14.333333
Josuha Guilavogui,Midfield,31,188,5,3750000,4000000,2764,76.777779,.027777778,1,.00036179449,.027777778,1,.00036179449,12,.15789473,2023,France,3.75
Joël Veltman,Defender,30,184,1,9000000,10000000,3002,83.388885,.027777778,1,.00033311127,.027777778,1,.00033311127,7,.32499999,2023,Netherlands,9
Juan Cuadrado,Midfield,34,176,4,9000000,10000000,3307,73.488892,.15555556,7,.0021167221,.11111111,5,.0015119443,11,.55769229,2023,Colombia,9
Juan Musso,Goalkeeper,28,191,4,19000000,20000000,4193,89.212769,0,0,0,0,0,0,1,.42307693,2023,Argentina,19
Jules Koundé,Defender,23,180,3,60000000,60000000,3746,85.13636,.022727273,1,.00026695142,.06818182,3,.00080085424,3,.46153846,2023,France,60
Julian Baumgartlinger,Midfield,34,184,2,1000000,1200000,87,12.428572,0,0,0,0,0,0,1,.54545456,2023,Austria,1
Julian Brandt,Midfield,26,185,2,25000000,25000000,2768,69.199997,.25,10,.0036127167,.22499999,9,.003251445,3,.5869565,2023,Germany,25
Julian Draxler,Attack,28,185,5,19000000,20000000,773,33.608696,.086956523,2,.0025873221,.086956523,2,.0025873221,1,.63829786,2023,Germany,19
Julian Green,Midfield,27,173,2,1233333.4,1500000,1170,46.799999,0,0,0,.039999999,1,.00085470086,2,.085714288,2023,United States,1.2333333
Julian Pollersbeck,Goalkeeper,27,195,5,800000,800000,614,76.75,0,0,0,0,0,0,0,.47916666,2023,Germany,.80000001
Julian Ryerson,Defender,24,183,2,4000000,4000000,1518,47.4375,0,0,0,.0625,2,.0013175231,3,.51219511,2023,Norway,4
Julien Faussurier,Defender,35,173,5,350000,400000,480,30,.0625,1,.0020833334,0,0,0,1,.34210527,2023,France,.34999999
Julien Laporte,Defender,28,185,5,2750000,3000000,2892,87.63636,0,0,0,.060606062,2,.00069156295,7,.21052632,2023,France,2.75
Junior Sambia,Defender,25,185,5,5000000,5500000,1528,50.933334,0,0,0,.033333335,1,.00065445027,5,.31578946,2023,France,5
Jurgen Ekkelenkamp,Midfield,22,188,2,3500000,3500000,781,33.95652,0,0,0,.13043478,3,.0038412292,2,.2972973,2023,Netherlands,3.5
Justin Kluivert,Attack,23,172,5,14666667,15000000,1878,69.555557,.18518518,5,.0026624068,.14814815,4,.0021299254,6,.52631581,2023,Netherlands,14.666667
Jérémie Boga,Attack,25,172,4,19500000,20000000,1749,51.441177,.11764706,4,.0022870211,.05882353,2,.0011435106,0,.42307693,2023,Ivory Coast,19.5
Jérôme Roussillon,Defender,29,172,2,5750000,7000000,2239,67.848488,0,0,0,.030303031,1,.00044662796,7,.31707317,2023,France,5.75
Kaan Ayhan,Defender,27,185,4,5000000,5000000,1393,58.041668,0,0,0,.041666668,1,.00071787508,2,.34999999,2023,Turkey,5
Kai Havertz,Midfield,23,193,1,70000000,70000000,2991,67.977272,.13636364,6,.0020060181,.27272728,12,.0040120361,7,.63157892,2023,Germany,70
Kalidou Koulibaly,Defender,31,186,4,40000000,45000000,3037,89.323532,.088235296,3,.00098781695,.088235296,3,.00098781695,7,.57446808,2023,Senegal,40
Kalvin Phillips,Midfield,26,179,1,46666668,50000000,1595,79.75,.050000001,1,.00062695926,0,0,0,4,.23076923,2023,England,46.666668
Karim Bellarabi,Attack,32,184,2,3250000,3500000,944,42.909092,.22727273,5,.0052966103,.18181819,4,.0042372881,3,.54545456,2023,Germany,3.25
Karim Benzema,Attack,34,185,3,27500000,30000000,3919,85.195656,.32608697,15,.0038275069,.95652175,44,.011227353,1,.6964286,2023,France,27.5
Karim Onisiwo,Attack,30,188,2,3500000,3500000,2541,77,.30303031,10,.0039354586,.21212122,7,.002754821,0,.4054054,2023,Austria,3.5
Karim Rekik,Defender,27,186,3,4500000,5000000,1558,59.923077,.07692308,2,.0012836971,0,0,0,3,.46153846,2023,Netherlands,4.5
Karl Darlow,Goalkeeper,31,190,1,2750000,3000000,720,90,0,0,0,0,0,0,1,.33333334,2023,England,2.75
Karol Fila,Defender,24,183,5,1350000,1500000,562,35.125,0,0,0,0,0,0,3,.44736841,2023,Poland,1.35
Karol Linetty,Midfield,27,175,4,4166666.8,5000000,1043,57.944443,.16666667,3,.0028763183,0,0,0,2,.34999999,2023,Poland,4.166667
Kasper Dolberg,Attack,24,187,5,18500000,20000000,1500,57.692307,.07692308,2,.0013333333,.23076923,6,.0040000002,0,.52631581,2023,Denmark,18.5
Kasper Schmeichel,Goalkeeper,35,189,1,4000000,4000000,3960,90,0,0,0,0,0,0,1,.38297874,2023,Denmark,4
Keidi Bare,Midfield,24,174,3,3666666.8,4000000,1718,61.357143,.071428575,2,.0011641444,.035714287,1,.00058207219,9,.31707317,2023,Albania,3.6666667
Keinan Davis,Attack,24,189,1,2750000,3000000,249,49.799999,.2,1,.0040160641,0,0,0,0,.75,2023,England,2.75
Kelechi Iheanacho,Attack,25,185,1,20000000,20000000,1634,51.0625,.25,8,.0048959609,.1875,6,.0036719707,1,.38297874,2023,Nigeria,20
Kelvin Amian,Defender,24,180,4,3400000,3500000,2739,83,.030303031,1,.00036509676,.030303031,1,.00036509676,9,.27500001,2023,France,3.4000001
Ken Sema,Midfield,28,180,1,2750000,3000000,878,46.210526,0,0,0,0,0,0,1,.15384616,2023,Sweden,2.75
Kenny McLean,Midfield,30,180,1,2750000,3000000,2876,84.588234,0,0,0,.05882353,2,.0006954103,4,.17073171,2023,Scotland,2.75
Kerem Demirbay,Midfield,28,183,2,15000000,15000000,2590,71.944443,.19444445,7,.0027027028,.083333336,3,.0011583011,11,.54545456,2023,Germany,15
Keven Schlotterbeck,Defender,25,189,2,4500000,6500000,445,31.785715,0,0,0,.071428575,1,.002247191,1,.5,2023,Germany,4.5
Kevin Akpoguma,Defender,27,192,2,6000000,6000000,1786,61.586208,.13793103,4,.0022396417,.068965517,2,.0011198209,7,.4054054,2023,Germany,6
Kevin Behrens,Attack,31,185,2,950000,1000000,679,23.413794,.10344828,3,.0044182623,.13793103,4,.0058910162,1,.51219511,2023,Germany,.94999999
Kevin Bonifazi,Defender,26,187,4,4600000,5500000,1298,56.434784,.043478262,1,.00077041605,0,0,0,4,.30769232,2023,Italy,4.5999999
Kevin Danso,Defender,23,190,5,6750000,9000000,2793,84.63636,.090909094,3,.0010741139,.060606062,2,.00071607588,9,.44736841,2023,Austria,6.75
Kevin De Bruyne,Midfield,31,181,1,87500000,90000000,3165,73.604652,.3255814,14,.0044233808,.41860464,18,.0056872037,4,.71428573,2023,Belgium,87.5
Kevin Kampl,Midfield,31,178,2,7000000,8000000,3004,75.099998,.025,1,.00033288947,0,0,0,10,.53846157,2023,Slovenia,7
Kevin Lasagna,Attack,29,181,4,4000000,5000000,1242,42.827587,.13793103,4,.003220612,.068965517,2,.001610306,1,.375,2023,Italy,4
Kevin Long,Defender,31,188,1,1000000,1000000,408,68,0,0,0,0,0,0,1,.17948718,2023,Republic of Ireland,1
Kevin Mbabu,Defender,27,184,2,11666667,14000000,1774,57.225807,.032258064,1,.00056369783,0,0,0,6,.31707317,2023,Switzerland,11.666667
Kevin Möhwald,Midfield,28,182,2,1833333.4,2000000,360,20,0,0,0,0,0,0,2,.51219511,2023,Germany,1.8333334
Kevin Strootman,Midfield,32,186,4,2250000,3000000,734,66.727272,0,0,0,0,0,0,4,.19512194,2023,Netherlands,2.25
Kevin Stöger,Midfield,28,175,2,1950000,2300000,538,21.52,.039999999,1,.001858736,.039999999,1,.001858736,3,.4054054,2023,Austria,1.95
Kevin Trapp,Goalkeeper,31,189,2,6750000,7000000,4200,91.304344,0,0,0,0,0,0,5,.375,2023,Germany,6.75
Kevin Vogt,Defender,30,194,2,3750000,4000000,2855,86.515152,.060606062,2,.00070052542,0,0,0,7,.4054054,2023,Germany,3.75
Kevin Volland,Attack,29,179,5,22000000,22000000,3407,74.065216,.28260869,13,.0038156735,.26086956,12,.0035221602,12,.5,2023,Germany,22
Kevin-Prince Boateng,Midfield,35,186,2,1166666.6,1700000,769,38.450001,0,0,0,0,0,0,8,.2972973,2023,Ghana,1.1666666
Keylor Navas,Goalkeeper,35,185,5,9000000,10000000,2218,88.720001,0,0,0,0,0,0,0,.63829786,2023,Costa Rica,9
Ki-Jana Hoever,Defender,20,183,1,6500000,7000000,307,38.375,0,0,0,0,0,0,1,.40000001,2023,Netherlands,6.5
Kieran Dowell,Midfield,24,183,1,2750000,3000000,1004,45.636364,.045454547,1,.00099601597,.045454547,1,.00099601597,1,.17073171,2023,England,2.75
Kieran Tierney,Defender,25,180,1,32000000,32000000,1974,85.826088,.13043478,3,.0015197569,.043478262,1,.00050658564,0,.56410259,2023,Scotland,32
Kieran Trippier,Defender,31,173,1,16500000,18000000,1719,68.760002,0,0,0,.079999998,2,.0011634672,1,.33333334,2023,England,16.5
Kiernan Dewsbury-Hall,Midfield,23,178,1,5000000,8000000,2340,68.823532,.05882353,2,.00085470086,.05882353,2,.00085470086,4,.38297874,2023,England,5
Kingsley Coman,Attack,26,181,2,57500000,60000000,2085,65.15625,.1875,6,.0028776978,.25,8,.0038369305,2,.70212764,2023,France,57.5
Kingsley Ehizibue,Defender,27,189,2,1300000,1300000,817,45.388889,.055555556,1,.0012239902,0,0,0,2,.43243244,2023,Netherlands,1.3
Kingsley Schindler,Defender,28,183,2,800000,800000,500,25,.15000001,3,.0060000001,.050000001,1,.0020000001,2,.43243244,2023,Ghana,.80000001
Koen Casteels,Goalkeeper,30,197,2,12500000,14000000,3090,90.882355,0,0,0,0,0,0,1,.31707317,2023,Belgium,12.5
Konrad Laimer,Midfield,25,180,2,27000000,28000000,2435,56.627907,.13953489,6,.0024640658,.11627907,5,.0020533882,3,.53846157,2023,Austria,27
Konstantinos Mavropanos,Defender,24,194,2,16000000,17000000,2854,86.484848,.030303031,1,.00035038541,.15151516,5,.0017519271,3,.22222222,2023,Greece,16
Konstantinos Stafylidis,Defender,28,178,2,1800000,1800000,1574,60.53846,.11538462,3,.001905972,0,0,0,3,.39473686,2023,Greece,1.8
Konstantinos Tsimikas,Defender,26,179,1,11666667,15000000,1477,64.217392,.2173913,5,.0033852404,0,0,0,3,.7719298,2023,Greece,11.666667
Koray Günter,Defender,27,186,4,5000000,5000000,2481,80.032257,0,0,0,.032258064,1,.00040306328,11,.375,2023,Germany,5
Kortney Hause,Defender,26,191,1,4500000,5000000,397,56.714287,0,0,0,.14285715,1,.0025188916,0,.33333334,2023,England,4.5
Kristoffer Askildsen,Midfield,21,190,4,1900000,2000000,955,43.409092,0,0,0,0,0,0,6,.29268292,2023,Norway,1.9
Krépin Diatta,Attack,23,175,5,14333333,15000000,530,40.76923,0,0,0,.15384616,2,.003773585,0,.5,2023,Senegal,14.333333
Kyle Walker,Defender,32,183,1,21500000,25000000,2603,86.76667,.06666667,2,.00076834421,.033333335,1,.0003841721,3,.71428573,2023,England,21.5
Kyle Walker-Peters,Defender,25,173,1,20000000,22000000,2854,81.542854,.085714288,3,.0010511563,.028571429,1,.00035038541,5,.2857143,2023,England,20
Kylian Mbappé,Attack,23,178,5,160000000,160000000,3706,86.186043,.58139533,25,.0067458176,.79069769,34,.0091743115,11,.63829786,2023,France,160
Kévin Gameiro,Attack,35,172,5,2000000,2000000,2396,68.457146,.11428571,4,.001669449,.31428573,11,.0045909849,0,.44736841,2023,France,2
Kévin Malcuit,Defender,30,178,4,2166666.8,3500000,505,38.846153,.15384616,2,.0039603962,0,0,0,3,.57446808,2023,France,2.1666667
Kévin N'Doram,Midfield,26,184,5,2250000,2500000,1239,65.210526,0,0,0,0,0,0,5,.15789473,2023,France,2.25
Landry Dimata,Attack,24,185,3,2200000,2200000,627,33,0,0,0,0,0,0,0,.31707317,2023,Belgium,2.2
Lars Stindl,Midfield,33,181,2,3000000,3500000,1884,64.965515,.1724138,5,.0026539278,.1724138,5,.0026539278,11,.37837839,2023,Germany,3
Lassana Coulibaly,Midfield,26,183,4,2400000,3000000,2409,73,0,0,0,0,0,0,3,.2,2023,Mali,2.4000001
Laurent Abergel,Midfield,29,170,5,2750000,3000000,2964,87.176468,.05882353,2,.00067476381,0,0,0,9,.21052632,2023,France,2.75
Lautaro Martínez,Attack,24,174,4,75000000,80000000,3293,67.204079,.081632651,4,.0012146978,.51020408,25,.0075918613,8,.65384614,2023,Argentina,75
Layvin Kurzawa,Defender,29,182,5,6666666.5,9000000,9,9,0,0,0,0,0,0,0,.63829786,2023,France,6.6666665
Leander Dendoncker,Midfield,27,188,1,29000000,30000000,2112,66,.0625,2,.00094696973,.0625,2,.00094696973,4,.40000001,2023,Belgium,29
Leandro Cabrera,Defender,31,190,3,3750000,4000000,3540,90.769234,0,0,0,.051282052,2,.00056497176,7,.31707317,2023,Uruguay,3.75
Leandro Paredes,Midfield,28,180,5,18500000,20000000,1155,57.75,.1,2,.0017316018,.050000001,1,.00086580089,6,.63829786,2023,Argentina,18.5
Leandro Trossard,Attack,27,172,1,18500000,20000000,2873,82.085716,.085714288,3,.0010442047,.22857143,8,.0027845458,2,.32499999,2023,Belgium,18.5
Lebo Mothiba,Attack,26,182,5,2000000,2000000,522,37.285713,0,0,0,.14285715,2,.0038314175,1,.23684211,2023,South Africa,2
Leif Davis,Defender,22,182,1,800000,800000,174,87,0,0,0,0,0,0,0,.5,2023,England,.80000001
Lennart Czyborra,Defender,23,181,2,2650000,3000000,250,50,0,0,0,0,0,0,1,.16666667,2023,Germany,2.6500001
Lennart Grill,Goalkeeper,23,192,2,1000000,1000000,90,90,0,0,0,0,0,0,0,.54545456,2023,Germany,1
Leo Østigård,Defender,22,182,4,4000000,5000000,1239,82.599998,0,0,0,.06666667,1,.00080710248,5,.14634146,2023,Norway,4
Leon Goretzka,Midfield,27,189,2,67500000,70000000,2027,75.074074,.11111111,3,.0014800198,.11111111,3,.0014800198,0,.70212764,2023,Germany,67.5
Leonardo Bonucci,Defender,35,189,4,7000000,8000000,2817,82.852943,0,0,0,.14705883,5,.0017749378,1,.55769229,2023,Italy,7
Leonardo Capezzi,Midfield,27,178,4,650000,700000,207,34.5,0,0,0,0,0,0,1,.2,2023,Italy,.64999998
Leonardo Pavoletti,Attack,33,188,4,2050000,2500000,1685,48.142857,.057142857,2,.0011869436,.14285715,5,.002967359,9,.19512194,2023,Italy,2.05
Leonardo Spinazzola,Defender,29,186,4,22000000,26000000,129,43,0,0,0,0,0,0,1,.5,2023,Italy,22
Leroy Sané,Attack,26,183,2,65000000,70000000,2978,66.17778,.33333334,15,.0050369375,.31111112,14,.0047011417,4,.70212764,2023,Germany,65
Lewis Dunk,Defender,30,192,1,21000000,22000000,2664,88.800003,0,0,0,.033333335,1,.00037537538,3,.32499999,2023,England,21
Liam Cooper,Defender,30,186,1,7000000,7000000,1815,86.428574,.047619049,1,.00055096421,0,0,0,5,.23076923,2023,Scotland,7
Liam Henderson,Midfield,26,183,4,2900000,3000000,2104,52.599998,.1,4,.0019011407,.050000001,2,.00095057033,4,.29268292,2023,Scotland,2.9000001
Liam McCarron,Defender,21,175,1,500000,500000,9,9,0,0,0,0,0,0,0,.23076923,2023,England,.5
Lorenzo De Silvestri,Defender,34,187,4,1500000,1500000,2297,74.096771,.064516127,2,.00087070093,.096774191,3,.0013060514,7,.30769232,2023,Italy,1.5
Lorenzo Insigne,Attack,31,163,4,28333334,35000000,2659,71.864868,.27027026,10,.0037608123,.35135135,13,.0048890561,2,.57446808,2023,Italy,28.333334
Lorenzo Pellegrini,Midfield,26,186,4,45000000,45000000,2500,80.645164,.19354838,6,.0024000001,.32258064,10,.0040000002,8,.5,2023,Italy,45
Lorenzo Tonelli,Defender,32,183,4,1250000,1500000,868,62,0,0,0,0,0,0,4,.29268292,2023,Italy,1.25
Lorenzo Venuti,Defender,27,179,4,3000000,3000000,1990,71.071426,.035714287,1,.00050251256,.071428575,2,.0010050251,4,.52272725,2023,Italy,3
Louis Schaub,Midfield,27,177,2,1800000,1800000,734,24.466667,.06666667,2,.0027247956,.033333335,1,.0013623978,0,.43243244,2023,Austria,1.8
Lovro Majer,Midfield,24,178,5,17000000,20000000,2138,64.78788,.24242425,8,.0037418148,.18181819,6,.0028063611,1,.55000001,2023,Croatia,17
Luca Lezzerini,Goalkeeper,27,195,4,600000,700000,675,84.375,0,0,0,0,0,0,2,.19512194,2023,Italy,.60000002
Luca Pellegrini,Defender,23,178,4,8166666.5,9000000,1237,58.904762,.047619049,1,.00080840744,0,0,0,7,.55769229,2023,Italy,8.166666
Lucas Alario,Attack,29,185,2,11000000,15000000,998,30.242424,0,0,0,.21212122,7,.0070140283,3,.54545456,2023,Argentina,11
Lucas Digne,Defender,28,178,1,27500000,30000000,2443,84.241379,.13793103,4,.0016373311,0,0,0,6,.33333334,2023,France,27.5
Lucas Hernández,Defender,26,184,2,50000000,50000000,2700,79.411766,.05882353,2,.00074074074,0,0,0,9,.70212764,2023,France,50
Lucas Höler,Attack,27,184,2,6000000,6500000,3030,75.75,.22499999,9,.0029702971,.175,7,.0023102311,3,.5,2023,Germany,6
Lucas Martínez Quarta,Defender,26,183,4,13500000,15000000,1600,72.727272,0,0,0,.045454547,1,.00062499999,11,.52272725,2023,Argentina,13.5
Lucas Ocampos,Attack,27,187,3,28333334,30000000,3101,73.833336,.14285715,6,.0019348597,.21428572,9,.0029022896,12,.46153846,2023,Argentina,28.333334
Lucas Perrin,Defender,23,188,5,3566666.8,5000000,2508,80.903229,.032258064,1,.00039872408,.032258064,1,.00039872408,5,.44736841,2023,France,3.5666668
Lucas Tousart,Midfield,25,184,2,9666667,12000000,2168,65.696968,.030303031,1,.00046125462,.060606062,2,.00092250924,3,.2972973,2023,France,9.666667
Ludovic Ajorque,Attack,28,196,5,15500000,16000000,2744,76.222221,.22222222,8,.002915452,.33333334,12,.0043731779,5,.44736841,2023,France,15.5
Ludovic Blas,Midfield,24,180,5,15666667,16000000,2977,85.057144,.14285715,5,.0016795432,.2857143,10,.0033590863,10,.39473686,2023,France,15.666667
Ludwig Augustinsson,Defender,28,181,3,6500000,7500000,1296,48,.037037037,1,.00077160494,0,0,0,4,.46153846,2023,Sweden,6.5
Luigi Sepe,Goalkeeper,31,185,4,1400000,1400000,1394,87.125,0,0,0,0,0,0,2,.2,2023,Italy,1.4
Luka Jović,Attack,24,182,3,18000000,20000000,551,29,.15789473,3,.0054446459,.052631579,1,.001814882,2,.6964286,2023,Serbia,18
Lukas Klostermann,Defender,26,189,2,20500000,23000000,2719,73.486488,.054054055,2,.00073556456,0,0,0,2,.53846157,2023,Germany,20.5
Lukas Klünter,Defender,26,184,2,1500000,1800000,236,39.333332,0,0,0,0,0,0,1,.2972973,2023,Germany,1.5
Lukas Kübler,Defender,29,182,2,2150000,2300000,2743,83.121216,0,0,0,.060606062,2,.00072912872,5,.5,2023,Germany,2.1500001
Lukas Nmecha,Attack,23,185,2,18000000,18000000,2015,65,.032258064,1,.00049627793,.32258064,10,.0049627791,8,.31707317,2023,England,18
Luke Ayling,Defender,30,183,1,4000000,4000000,2335,86.481483,.074074075,2,.00085653103,.074074075,2,.00085653103,4,.23076923,2023,England,4
Luke Shaw,Defender,26,178,1,40000000,42000000,2211,81.888885,.18518518,5,.0022614202,0,0,0,11,.41666666,2023,England,40
Luuk de Jong,Attack,31,188,3,5166666.5,7500000,937,32.310345,.034482758,1,.0010672358,.24137931,7,.0074706511,1,.49056605,2023,Netherlands,5.1666665
Lys Mousset,Attack,26,186,4,7000000,8000000,157,26.166666,.16666667,1,.0063694268,0,0,0,2,.2,2023,France,7
László Bénes,Midfield,24,181,2,3250000,3500000,312,22.285715,.071428575,1,.0032051282,0,0,0,0,.37837839,2023,Slovakia,3.25
Léo Dubois,Defender,27,178,5,12000000,14000000,2045,73.035713,.10714286,3,.0014669927,0,0,0,7,.47916666,2023,France,12
Léo Leroy,Midfield,22,187,5,1650000,1800000,616,25.666666,0,0,0,0,0,0,3,.31578946,2023,France,1.65
Mahmoud Dahoud,Midfield,26,178,2,18000000,18000000,2231,74.366669,.23333333,7,.0031376064,.06666667,2,.00089645898,8,.5869565,2023,Germany,18
Malang Sarr,Defender,23,183,1,7375000,8000000,1068,66.75,0,0,0,0,0,0,2,.63157892,2023,France,7.375
Mamadou Coulibaly,Midfield,23,183,4,2833333.3,3000000,886,73.833336,0,0,0,.16666667,2,.0022573364,1,.2,2023,Senegal,2.8333333
Mamadou Loum,Midfield,25,188,3,4000000,4000000,2317,72.40625,0,0,0,.0625,2,.00086318515,10,.22499999,2023,Senegal,4
Mamadou Sakho,Defender,32,187,5,4750000,5000000,2578,88.896553,0,0,0,0,0,0,3,.31578946,2023,France,4.75
Manolo Gabbiadini,Attack,30,186,4,4500000,5000000,1266,60.285713,.19047619,4,.0031595577,.33333334,7,.0055292258,3,.29268292,2023,Italy,4.5
Manuel Gulde,Defender,31,184,2,1850000,2000000,1550,62,0,0,0,0,0,0,2,.5,2023,Germany,1.85
Manuel Lanzini,Midfield,29,167,1,11000000,12000000,2636,62.761906,.095238097,4,.0015174507,.14285715,6,.0022761761,6,.4528302,2023,Argentina,11
Manuel Lazzari,Midfield,28,174,4,16000000,18000000,2122,54.410255,.07692308,3,.0014137606,.07692308,3,.0014137606,4,.4375,2023,Italy,16
Manuel Locatelli,Midfield,24,185,4,35000000,35000000,3054,71.023254,.11627907,5,.0016371971,.069767445,3,.00098231831,8,.55769229,2023,Italy,35
Manuel Neuer,Goalkeeper,36,193,2,14500000,15000000,3501,89.769234,.025641026,1,.00028563268,0,0,0,0,.70212764,2023,Germany,14.5
Manuel Prietl,Midfield,30,187,2,1800000,1800000,2332,83.285713,.035714287,1,.00042881648,0,0,0,4,.16666667,2023,Austria,1.8
Manuel Riemann,Goalkeeper,33,186,2,1000000,1200000,3100,88.571426,.028571429,1,.00032258066,0,0,0,2,.39473686,2023,Germany,1
Marash Kumbulla,Defender,22,191,4,18666666,22000000,1164,58.200001,0,0,0,.050000001,1,.00085910654,6,.5,2023,Albania,18.666666
Marc Albrighton,Midfield,32,175,1,2500000,2500000,1273,57.863636,.090909094,2,.0015710919,.090909094,2,.0015710919,4,.38297874,2023,England,2.5
Marc-André ter Stegen,Goalkeeper,30,187,3,43333332,55000000,4470,91.224487,0,0,0,0,0,0,3,.49056605,2023,Germany,43.333332
Marc-Aurèle Caillard,Goalkeeper,28,191,5,1025000,1200000,1540,81.052635,0,0,0,0,0,0,1,.15789473,2023,France,1.025
Marcel Halstenberg,Defender,30,188,2,7333333.5,10000000,705,47,0,0,0,.06666667,1,.0014184397,1,.53846157,2023,Germany,7.3333335
Marcel Sabitzer,Midfield,28,177,2,24000000,32000000,1077,33.65625,.03125,1,.00092850509,.03125,1,.00092850509,2,.70212764,2023,Austria,24
Marco Benassi,Midfield,27,184,4,2950000,3500000,611,30.549999,0,0,0,0,0,0,2,.29268292,2023,Italy,2.95
Marco Bizot,Goalkeeper,31,193,5,4750000,5000000,3420,90,.02631579,1,.00029239766,0,0,0,1,.34210527,2023,Netherlands,4.75
Marco Modolo,Defender,33,186,4,450000,500000,480,68.571426,0,0,0,0,0,0,2,.19512194,2023,Italy,.44999999
Marco Reus,Midfield,33,180,2,12000000,13000000,3445,84.024391,.46341464,19,.0055152397,.31707317,13,.003773585,4,.5869565,2023,Germany,12
Marco Richter,Midfield,24,176,2,6500000,7000000,1791,55.96875,.0625,2,.0011166945,.1875,6,.0033500837,6,.2972973,2023,Germany,6.5
Marco Silvestri,Goalkeeper,31,191,4,5666666.5,6000000,3360,90.810814,0,0,0,0,0,0,1,.31707317,2023,Italy,5.6666665
Marco Sportiello,Goalkeeper,30,192,4,1500000,1500000,450,90,0,0,0,0,0,0,0,.42307693,2023,Italy,1.5
Marco Verratti,Midfield,29,165,5,52500000,55000000,2379,82.034485,.068965517,2,.00084068935,.068965517,2,.00084068935,14,.63829786,2023,Italy,52.5
Marcus Bettinelli,Goalkeeper,30,193,1,2250000,2500000,90,90,0,0,0,0,0,0,0,.63157892,2023,England,2.25
Marcus Coco,Attack,26,184,5,2250000,2500000,927,38.625,.041666668,1,.0010787486,.041666668,1,.0010787486,3,.39473686,2023,France,2.25
Marcus Forss,Attack,23,182,1,4250000,4500000,293,36.625,.125,1,.0034129692,.125,1,.0034129692,0,.34999999,2023,Finland,4.25
Marcus Ingvartsen,Attack,26,187,2,2750000,3000000,893,27.90625,0,0,0,.21875,7,.0078387456,2,.4054054,2023,Denmark,2.75
Marcus Rashford,Attack,24,185,1,71666664,85000000,1657,51.78125,.0625,2,.0012070006,.15625,5,.0030175014,3,.41666666,2023,England,71.666664
Marcus Thuram,Attack,24,192,2,24000000,28000000,1015,44.130436,.043478262,1,.0009852217,.13043478,3,.0029556651,2,.37837839,2023,France,24
Mario Lemina,Midfield,28,184,5,9500000,10000000,1975,61.71875,0,0,0,.0625,2,.0010126582,6,.52631581,2023,Gabon,9.5
Marius Funk,Goalkeeper,26,187,2,300000,300000,840,93.333336,0,0,0,0,0,0,0,.085714288,2023,Germany,.30000001
Marius Wolf,Defender,27,187,2,5750000,6500000,1631,46.599998,.057142857,2,.0012262416,.085714288,3,.0018393623,4,.5869565,2023,Germany,5.75
Mark Flekken,Goalkeeper,29,195,2,5500000,7000000,3390,91.62162,0,0,0,0,0,0,0,.5,2023,Netherlands,5.5
Mark Uth,Attack,30,185,2,3000000,3000000,2303,69.78788,.27272728,9,.0039079459,.15151516,5,.0021710813,4,.43243244,2023,Germany,3
Marko Arnautović,Attack,33,190,4,6500000,7500000,2790,82.058823,.029411765,1,.00035842293,.44117647,15,.0053763441,6,.30769232,2023,Austria,6.5
Marko Dmitrović,Goalkeeper,30,189,3,5500000,6000000,870,96.666664,0,0,0,0,0,0,0,.46153846,2023,Serbia,5.5
Marko Pjaca,Attack,27,186,4,3750000,4000000,1243,47.807693,0,0,0,.11538462,3,.0024135157,0,.34999999,2023,Croatia,3.75
Marko Rog,Midfield,26,180,4,6500000,7000000,308,38.5,.125,1,.0032467532,0,0,0,0,.19512194,2023,Croatia,6.5
Marten de Roon,Midfield,31,185,4,18500000,20000000,3668,83.36364,.022727273,1,.00027262812,.06818182,3,.0008178844,10,.42307693,2023,Netherlands,18.5
Martin Braithwaite,Attack,31,177,3,6750000,7500000,248,49.599998,.2,1,.0040322579,.40000001,2,.0080645159,0,.49056605,2023,Denmark,6.75
Martin Dúbravka,Goalkeeper,33,191,1,4500000,5000000,2430,90,0,0,0,0,0,0,1,.33333334,2023,Slovakia,4.5
Martin Kelly,Defender,32,191,1,1000000,1000000,90,90,0,0,0,0,0,0,0,.3488372,2023,England,1
Martin Terrier,Attack,25,184,5,18333334,25000000,2924,74.974358,.12820514,5,.0017099864,.53846157,21,.0071819425,1,.55000001,2023,France,18.333334
Martin Valjent,Defender,26,187,3,4500000,5000000,3389,86.897438,0,0,0,0,0,0,5,.3255814,2023,Slovakia,4.5
Martin Ødegaard,Midfield,23,178,1,43500000,45000000,2883,77.918922,.10810811,4,.0013874436,.1891892,7,.0024280264,4,.56410259,2023,Norway,43.5
Martín Cáceres,Defender,35,180,3,900000,900000,1520,60.799999,.039999999,1,.00065789477,.039999999,1,.00065789477,5,.23076923,2023,Uruguay,.89999998
Marvelous Nakamba,Midfield,28,177,1,7000000,7000000,904,56.5,0,0,0,0,0,0,5,.33333334,2023,Zimbabwe,7
Marvin Friedrich,Defender,26,193,2,9000000,10000000,2129,85.160004,0,0,0,0,0,0,6,.37837839,2023,Germany,9
Marvin Plattenhardt,Defender,30,181,2,2500000,3500000,1816,78.95652,.17391305,4,.0022026431,0,0,0,3,.2972973,2023,Germany,2.5
Marwin Hitz,Goalkeeper,34,194,2,1000000,1000000,495,82.5,0,0,0,0,0,0,0,.5869565,2023,Switzerland,1
Mason Holgate,Defender,25,187,1,18000000,18000000,2314,85.703705,.037037037,1,.00043215213,.11111111,3,.0012964563,7,.33333334,2023,England,18
Mason Mount,Midfield,23,181,1,75000000,75000000,3481,74.063828,.31914893,15,.0043091066,.27659574,13,.0037345591,4,.63157892,2023,England,75
Mateusz Klich,Midfield,32,183,1,3500000,4000000,2172,63.882355,.05882353,2,.00092081033,.029411765,1,.00046040516,5,.23076923,2023,Poland,3.5
Mathew Ryan,Goalkeeper,30,184,3,5000000,5000000,810,90,0,0,0,0,0,0,0,.4509804,2023,Australia,5
Mathias Jensen,Midfield,26,180,1,9000000,10000000,1690,52.8125,.03125,1,.00059171597,0,0,0,0,.34999999,2023,Denmark,9
Mathias Pereira Lage,Midfield,25,180,5,2500000,2500000,1039,43.291668,.125,3,.0028873917,.16666667,4,.0038498556,0,.2631579,2023,Portugal,2.5
Mato Jajalo,Midfield,34,182,4,400000,400000,762,31.75,.041666668,1,.001312336,0,0,0,3,.31707317,2023,Bosnia Herzegovina,.40000001
Matt Ritchie,Midfield,32,173,1,1900000,2000000,1412,74.315788,.10526316,2,.0014164306,0,0,0,5,.33333334,2023,Scotland,1.9
Matt Targett,Defender,26,183,1,17000000,17000000,2963,87.147057,.029411765,1,.00033749579,.029411765,1,.00033749579,3,.33333334,2023,England,17
Matteo Darmian,Defender,32,183,4,6000000,7000000,2046,56.833332,.083333336,3,.0014662757,.055555556,2,.00097751711,5,.65384614,2023,Italy,6
Matteo Pessina,Midfield,25,187,4,17000000,18000000,1936,52.324326,.027027028,1,.0005165289,.054054055,2,.0010330578,0,.42307693,2023,Italy,17
Matteo Politano,Attack,28,171,4,23500000,27000000,1907,48.897434,.17948718,7,.0036706869,.12820514,5,.0026219191,3,.57446808,2023,Italy,23.5
Matthew Lowton,Defender,33,180,1,1600000,2000000,1863,71.653847,.07692308,2,.0010735373,.03846154,1,.00053676864,3,.17948718,2023,England,1.6
Matthias Ginter,Defender,28,189,2,23000000,27000000,2607,84.096771,0,0,0,.032258064,1,.00038358266,2,.37837839,2023,Germany,23
Matthieu Dreyer,Goalkeeper,33,188,5,300000,300000,1440,90,0,0,0,0,0,0,0,.21052632,2023,France,.30000001
Matthieu Udol,Defender,26,178,5,2933333.3,3500000,1007,83.916664,0,0,0,.083333336,1,.00099304866,0,.15789473,2023,France,2.9333332
Matthijs de Ligt,Defender,22,189,4,68750000,70000000,3691,87.880951,.023809524,1,.00027092927,.071428575,3,.00081278785,6,.55769229,2023,Netherlands,68.75
Mattia Bani,Defender,28,188,4,2150000,2500000,1311,69,0,0,0,0,0,0,1,.14634146,2023,Italy,2.1500001
Mattia Caldara,Defender,28,187,4,4000000,4500000,2913,88.272728,.030303031,1,.0003432887,.030303031,1,.0003432887,9,.19512194,2023,Italy,4
Mattia De Sciglio,Defender,29,183,4,6000000,6000000,1892,65.241379,.10344828,3,.0015856237,.034482758,1,.00052854122,4,.55769229,2023,Italy,6
Mattia Destro,Attack,31,182,4,3500000,4000000,1915,63.833332,.033333335,1,.00052219321,.30000001,9,.0046997387,4,.14634146,2023,Italy,3.5
Mattia Perin,Goalkeeper,29,188,4,4333333.5,5000000,1095,91.25,0,0,0,0,0,0,0,.55769229,2023,Italy,4.3333335
Mattia Zaccagni,Attack,27,177,4,16666667,18000000,2707,69.410255,.17948718,7,.0025858884,.17948718,7,.0025858884,9,.4375,2023,Italy,16.666668
Mattias Svanberg,Midfield,23,185,4,15000000,15000000,2586,69.891891,.081081077,3,.0011600928,.081081077,3,.0011600928,7,.30769232,2023,Sweden,15
Matty Cash,Defender,24,185,1,23500000,25000000,3470,88.974358,.07692308,3,.00086455332,.1025641,4,.0011527378,8,.33333334,2023,England,23.5
Mattéo Guendouzi,Midfield,23,185,5,23000000,25000000,3649,82.931816,.18181819,8,.0021923815,.090909094,4,.0010961908,7,.5,2023,France,23
Matz Sels,Goalkeeper,30,188,5,7250000,8000000,3330,90,0,0,0,0,0,0,1,.44736841,2023,Belgium,7.25
Max Christiansen,Midfield,25,185,2,1266666.6,1500000,2054,76.074074,0,0,0,0,0,0,5,.085714288,2023,Germany,1.2666667
Max Kruse,Attack,34,180,2,3500000,3500000,2634,79.818184,.24242425,8,.0030372057,.42424244,14,.0053151101,1,.31707317,2023,Germany,3.5
Maxence Caqueret,Midfield,22,174,5,20666666,25000000,2846,72.974358,.025641026,1,.00035137034,0,0,0,7,.47916666,2023,France,20.666666
Maxence Lacroix,Defender,22,190,2,21666666,25000000,3140,87.222221,0,0,0,0,0,0,8,.31707317,2023,France,21.666666
Maxim Leitsch,Defender,24,189,2,4166666.8,5000000,1866,84.818184,0,0,0,.045454547,1,.00053590565,3,.39473686,2023,Germany,4.166667
Maxime Busi,Defender,22,182,5,3250000,3500000,1297,72.055557,0,0,0,.055555556,1,.00077101,3,.28947368,2023,Belgium,3.25
Maxime Gonalons,Midfield,33,187,3,1900000,2000000,1556,62.240002,.079999998,2,.001285347,0,0,0,6,.22499999,2023,France,1.9
Maxime Le Marchand,Defender,32,185,5,1200000,1200000,857,71.416664,.083333336,1,.0011668612,.083333336,1,.0011668612,4,.44736841,2023,France,1.2
Maximilian Arnold,Midfield,28,184,2,17000000,17000000,3596,87.707314,.14634146,6,.0016685206,.097560972,4,.001112347,7,.31707317,2023,Germany,17
Maximilian Eggestein,Midfield,25,181,2,7750000,8000000,2795,75.540543,.054054055,2,.00071556348,.054054055,2,.00071556348,3,.5,2023,Germany,7.75
Maximilian Mittelstädt,Defender,25,180,2,4500000,4500000,1586,63.439999,.2,5,.0031525851,0,0,0,3,.2972973,2023,Germany,4.5
Maximilian Philipp,Attack,28,183,2,5666666.5,7000000,1161,46.439999,.16,4,.0034453059,.039999999,1,.00086132647,3,.31707317,2023,Germany,5.6666665
Maximilian Ullmann,Defender,26,180,4,2333333.3,2500000,1021,72.928574,.071428575,1,.0009794319,0,0,0,2,.19512194,2023,Austria,2.3333333
Maxwel Cornet,Attack,25,179,1,14500000,15000000,1841,68.185188,.037037037,1,.00054318307,.33333334,9,.0048886477,4,.17948718,2023,Ivory Coast,14.5
Mehdi Bourabia,Midfield,30,183,4,1166666.6,1600000,322,35.777779,0,0,0,.11111111,1,.0031055901,1,.27500001,2023,Morocco,1.1666666
Memphis Depay,Attack,28,178,3,40000000,45000000,2495,65.657898,.052631579,2,.00080160319,.34210527,13,.005210421,4,.49056605,2023,Netherlands,40
Merih Demiral,Defender,24,190,4,27666666,30000000,2985,71.071426,.071428575,3,.0010050251,.047619049,2,.00067001674,11,.42307693,2023,Turkey,27.666666
Mert Müldür,Defender,23,184,4,7000000,7000000,2181,66.090912,.030303031,1,.00045850527,0,0,0,5,.34999999,2023,Turkey,7
Michael Esser,Goalkeeper,34,198,2,450000,500000,389,97.25,0,0,0,0,0,0,0,.39473686,2023,Germany,.44999999
Michael Gregoritsch,Attack,28,193,2,3000000,4500000,1465,54.259258,0,0,0,.33333334,9,.0061433446,4,.30555555,2023,Austria,3
Michael Keane,Defender,29,188,1,22333334,25000000,3181,88.361115,.055555556,2,.00062873308,.083333336,3,.00094309967,4,.33333334,2023,England,22.333334
Michael McGovern,Goalkeeper,37,190,1,250000,250000,90,90,0,0,0,0,0,0,1,.17073171,2023,Northern Ireland,.25
Michail Antonio,Attack,32,180,1,11000000,12000000,3927,83.553192,.23404256,11,.0028011205,.27659574,13,.003310415,10,.4528302,2023,England,11
Michel Aebischer,Midfield,25,183,4,3500000,3500000,1127,53.666668,.19047619,4,.0035492459,0,0,0,4,.30769232,2023,Switzerland,3.5
Mickaël Malsa,Midfield,26,179,3,3333333.3,4000000,1227,45.444443,.14814815,4,.0032599836,.074074075,2,.0016299918,7,.23076923,2023,France,3.3333333
Miguel Almirón,Attack,28,174,1,16000000,16000000,1750,56.451614,0,0,0,.032258064,1,.00057142857,2,.33333334,2023,Paraguay,16
Mike Maignan,Goalkeeper,26,191,4,30000000,35000000,3540,90.769234,.025641026,1,.00028248588,0,0,0,2,.60416669,2023,France,30
Mikkel Damsgaard,Attack,21,180,4,16000000,18000000,613,51.083332,0,0,0,0,0,0,1,.29268292,2023,Denmark,16
Milan Badelj,Midfield,33,186,4,1250000,1500000,3063,85.083336,.027777778,1,.00032647731,.027777778,1,.00032647731,5,.14634146,2023,Croatia,1.25
Milot Rashica,Attack,26,178,1,7500000,8000000,2427,71.382355,.05882353,2,.00082406262,.05882353,2,.00082406262,0,.17073171,2023,Kosovo,7.5
Miloš Pantović,Midfield,25,186,2,1450000,2200000,1811,56.59375,.09375,3,.0016565433,.25,8,.0044174488,3,.39473686,2023,Serbia,1.45
Mitchell Dijks,Defender,29,194,4,2250000,2500000,688,43,.125,2,.0029069767,0,0,0,2,.30769232,2023,Netherlands,2.25
Mitchell van Bergen,Attack,22,170,5,2100000,2200000,1074,51.142857,0,0,0,0,0,0,1,.28947368,2023,Netherlands,2.0999999
Mohamed Elneny,Midfield,29,179,1,10000000,11000000,801,57.214287,.14285715,2,.0024968788,0,0,0,1,.56410259,2023,Egypt,10
Mohamed Elyounoussi,Attack,27,178,1,11000000,12000000,2176,68,.0625,2,.00091911765,.15625,5,.0022977942,4,.2857143,2023,Norway,11
Mohamed Simakan,Defender,22,187,2,20000000,22000000,3104,75.707314,.024390243,1,.00032216494,.024390243,1,.00032216494,11,.53846157,2023,France,20
Moise Kean,Attack,22,183,4,28000000,32000000,1377,32.023254,.069767445,3,.0021786492,.13953489,6,.0043572984,5,.55769229,2023,Italy,28
Morgan Gibbs-White,Midfield,22,178,1,10000000,11000000,7,3.5,0,0,0,0,0,0,1,.40000001,2023,England,10
Morgan Sanson,Midfield,27,180,1,12000000,14000000,352,35.200001,0,0,0,0,0,0,0,.33333334,2023,France,12
Morgan Schneiderlin,Midfield,32,186,5,3750000,4000000,637,31.85,.050000001,1,.0015698588,0,0,0,1,.52631581,2023,France,3.75
Morten Frendrup,Midfield,21,178,4,3600000,3700000,2664,78.352943,0,0,0,.05882353,2,.00075075077,4,.14634146,2023,Denmark,3.5999999
Morten Thorsby,Midfield,26,188,4,7000000,7000000,3153,82.973686,.02631579,1,.00031715826,.10526316,4,.0012686331,10,.29268292,2023,Norway,7
Mouctar Diakhaby,Defender,25,192,3,7333333.5,7500000,2680,72.432434,.054054055,2,.00074626866,0,0,0,15,.37777779,2023,France,7.3333335
Moussa Dembélé,Attack,25,187,5,18500000,20000000,2696,74.888885,.1388889,5,.0018545995,.6111111,22,.0081602372,6,.47916666,2023,France,18.5
Moussa Diaby,Attack,22,171,2,50500000,60000000,3579,85.214287,.33333334,14,.0039117071,.40476191,17,.00474993,12,.54545456,2023,France,50.5
Moussa Djenepo,Attack,24,177,1,10500000,11000000,507,36.214287,0,0,0,0,0,0,3,.2857143,2023,Mali,10.5
Moussa Doumbia,Attack,27,173,5,1500000,1800000,82,20.5,0,0,0,0,0,0,0,.28947368,2023,Mali,1.5
Moussa Niakhaté,Defender,26,190,2,18000000,18000000,2815,85.303032,0,0,0,.12121212,4,.0014209591,2,.4054054,2023,France,18
Musa Barrow,Attack,23,184,4,19000000,20000000,2184,62.400002,.2,7,.0032051282,.17142858,6,.0027472528,0,.30769232,2023,Gambia,19
Myron Boadu,Attack,21,181,5,14666667,15000000,1281,32.846153,.025641026,1,.00078064011,.12820514,5,.0039032006,0,.5,2023,Netherlands,14.666667
Myziane Maolida,Attack,23,182,2,4166666.8,5000000,870,51.176472,.05882353,1,.0011494253,.05882353,1,.0011494253,0,.2972973,2023,France,4.166667
Mërgim Vojvoda,Midfield,27,187,4,5000000,5500000,2017,67.23333,.1,3,.0014873574,0,0,0,3,.34999999,2023,Kosovo,5
N'Golo Kanté,Midfield,31,171,1,45000000,50000000,2523,66.394737,.13157895,5,.0019817678,.052631579,2,.00079270708,2,.63157892,2023,France,45
Nabil Bentaleb,Midfield,27,187,5,2766666.8,3500000,1523,84.611115,0,0,0,.055555556,1,.00065659883,4,.2631579,2023,Algeria,2.7666667
Nabil Fekir,Midfield,28,173,3,35000000,40000000,3927,83.553192,.21276596,10,.0025464732,.21276596,10,.0025464732,10,.53571427,2023,France,35
Naby Keïta,Midfield,27,172,1,27500000,30000000,1931,52.18919,.081081077,3,.0015535991,.10810811,4,.0020714656,4,.7719298,2023,Guinea,27.5
Nadiem Amiri,Midfield,25,180,4,10750000,15000000,1336,40.484848,.12121212,4,.0029940121,.060606062,2,.001497006,0,.14634146,2023,Germany,10.75
Nahitan Nández,Midfield,26,172,4,16500000,20000000,1610,73.181816,.090909094,2,.001242236,0,0,0,4,.19512194,2023,Uruguay,16.5
Nahuel Molina,Defender,24,175,4,15000000,20000000,2785,75.270271,.13513513,5,.0017953322,.21621622,8,.0028725313,7,.31707317,2023,Argentina,15
Nahuel Tenaglia,Defender,26,181,3,4400000,5200000,1072,76.571426,0,0,0,0,0,0,2,.22499999,2023,Argentina,4.4000001
Nampalys Mendy,Midfield,30,168,1,4333333.5,5000000,1035,73.928574,0,0,0,0,0,0,3,.38297874,2023,France,4.3333335
Nathan Aké,Defender,27,180,1,26000000,28000000,1649,63.423077,0,0,0,.11538462,3,.0018192844,2,.71428573,2023,Netherlands,26
Nathan Ferguson,Defender,21,184,1,3250000,4000000,8,8,0,0,0,0,0,0,0,.3488372,2023,England,3.25
Nathan Redmond,Attack,28,173,1,18000000,18000000,1992,66.400002,.16666667,5,.0025100401,.06666667,2,.001004016,0,.2857143,2023,England,18
Nathaniel Phillips,Defender,25,190,1,8000000,8000000,181,60.333332,0,0,0,0,0,0,1,.5,2023,England,8
Nayef Aguerd,Defender,26,190,5,10500000,12000000,2918,88.42424,.090909094,3,.0010281014,.12121212,4,.0013708019,3,.55000001,2023,Morocco,10.5
Neal Maupay,Attack,25,173,1,19000000,20000000,2484,73.058823,.05882353,2,.00080515299,.2647059,9,.0036231885,7,.32499999,2023,France,19
Nedim Bajrami,Midfield,23,179,4,10000000,10000000,2285,60.13158,.18421052,7,.0030634573,.23684211,9,.0039387308,3,.29268292,2023,Switzerland,10
Nemanja Gudelj,Defender,30,187,3,4000000,4000000,1552,55.42857,0,0,0,0,0,0,7,.46153846,2023,Serbia,4
Nick Pope,Goalkeeper,30,198,1,15000000,15000000,3330,90,0,0,0,0,0,0,1,.17948718,2023,England,15
Nick Viergever,Defender,32,183,2,1000000,1200000,2139,85.559998,0,0,0,0,0,0,2,.085714288,2023,Netherlands,1
Nico Elvedi,Defender,25,189,2,22000000,25000000,2702,87.161293,.032258064,1,.00037009621,.032258064,1,.00037009621,3,.37837839,2023,Switzerland,22
Nico Schulz,Defender,29,180,2,5000000,6000000,1333,55.541668,.125,3,.0022505627,0,0,0,4,.5869565,2023,Germany,5
Nicola Murru,Defender,27,180,4,2500000,3000000,1164,48.5,0,0,0,.041666668,1,.00085910654,6,.29268292,2023,Italy,2.5
Nicola Ravaglia,Goalkeeper,33,184,4,250000,300000,4,4,0,0,0,0,0,0,0,.29268292,2023,Italy,.25
Nicola Sansone,Attack,30,173,4,2500000,3000000,881,32.629631,.18518518,5,.0056753689,.074074075,2,.0022701477,6,.30769232,2023,Italy,2.5
Nicolas Cozza,Defender,23,178,5,4500000,5000000,2777,81.676468,.05882353,2,.00072020164,.05882353,2,.00072020164,2,.31578946,2023,France,4.5
Nicolas Haas,Midfield,26,178,4,3333333.3,3500000,1091,60.611111,.16666667,3,.0027497709,.055555556,1,.00091659027,3,.29268292,2023,Switzerland,3.3333333
Nicolas Höfler,Midfield,32,181,2,2500000,2500000,3112,88.914284,.2,7,.0022493573,.085714288,3,.00096401031,6,.5,2023,Germany,2.5
Nicolas Pallois,Defender,34,189,5,1350000,1500000,2451,81.699997,0,0,0,.033333335,1,.00040799673,8,.39473686,2023,France,1.35
Nicolas Pépé,Attack,27,183,1,27500000,30000000,681,34.049999,.1,2,.0029368575,.050000001,1,.0014684288,0,.56410259,2023,Ivory Coast,27.5
Nicolás Domínguez,Midfield,24,179,4,13000000,13000000,2103,72.517242,.10344828,3,.0014265336,.034482758,1,.00047551119,8,.30769232,2023,Argentina,13
Nicolò Barella,Midfield,25,175,4,70000000,70000000,3934,81.958336,.27083334,13,.0033045246,.083333336,4,.0010167768,9,.65384614,2023,Italy,70
Nicolò Zaniolo,Midfield,22,190,4,33000000,33000000,2287,71.46875,.1875,6,.0026235243,.09375,3,.0013117621,13,.5,2023,Italy,33
Niki Mäenpää,Goalkeeper,37,187,4,200000,200000,1485,87.352943,.05882353,1,.00067340065,0,0,0,1,.19512194,2023,Finland,.2
Niklas Dorsch,Midfield,24,178,2,10000000,10000000,2417,77.967743,.032258064,1,.00041373604,.032258064,1,.00041373604,8,.30555555,2023,Germany,10
Niklas Stark,Defender,27,190,2,8000000,10000000,2176,77.714287,0,0,0,.035714287,1,.00045955883,3,.2972973,2023,Germany,8
Niklas Süle,Defender,26,195,2,35000000,35000000,2518,66.263161,.052631579,2,.00079428119,.02631579,1,.0003971406,3,.70212764,2023,Germany,35
Niko Gießelmann,Defender,30,182,2,2133333.3,2300000,2315,72.34375,.21875,7,.0030237581,.09375,3,.0012958964,4,.51219511,2023,Germany,2.1333332
Nikola Milenković,Defender,24,195,4,21500000,23000000,3328,85.333336,0,0,0,.07692308,3,.00090144231,11,.52272725,2023,Serbia,21.5
Nikola Vlašić,Midfield,24,179,1,24666666,27000000,1466,45.8125,.0625,2,.0013642565,.03125,1,.00068212824,0,.4528302,2023,Croatia,24.666666
Nikolas Nartey,Midfield,22,185,2,1800000,1800000,401,50.125,0,0,0,0,0,0,1,.22222222,2023,Denmark,1.8
Noah Joel Sarenren Bazee,Attack,25,183,2,1000000,1000000,256,17.066668,0,0,0,.06666667,1,.00390625,1,.30555555,2023,Nigeria,1
Nordi Mukiele,Defender,24,187,2,22500000,25000000,2483,65.342102,.13157895,5,.0020136931,.052631579,2,.00080547726,3,.53846157,2023,France,22.5
Odsonne Edouard,Attack,24,187,1,17000000,17000000,1912,50.315788,.078947365,3,.0015690377,.21052632,8,.0041841003,5,.3488372,2023,France,17
Oleksandr Zinchenko,Defender,25,175,1,25000000,25000000,1755,65,.18518518,5,.0028490028,0,0,0,2,.71428573,2023,Ukraine,25
Oliver Baumann,Goalkeeper,32,187,2,4750000,5000000,3150,90,0,0,0,0,0,0,1,.4054054,2023,Germany,4.75
Oliver Skipp,Midfield,21,175,1,17666666,20000000,1370,72.105263,0,0,0,0,0,0,6,.58139533,2023,England,17.666666
Olivier Giroud,Attack,35,192,4,3000000,3500000,2520,66.315788,.10526316,4,.0015873016,.36842105,14,.0055555557,6,.60416669,2023,France,3
Ollie Watkins,Attack,26,180,1,35000000,35000000,3045,84.583336,.055555556,2,.00065681443,.30555555,11,.0036124794,7,.33333334,2023,England,35
Omar Colley,Defender,29,191,4,4750000,5000000,2769,83.909088,0,0,0,0,0,0,6,.29268292,2023,Gambia,4.75
Omar Richards,Defender,24,174,2,7000000,7000000,576,33.882355,.05882353,1,.0017361111,0,0,0,2,.70212764,2023,England,7
Ondrej Duda,Midfield,27,181,2,5000000,6000000,1731,50.911766,.029411765,1,.00057770073,.05882353,2,.0011554015,5,.43243244,2023,Slovakia,5
Orel Mangala,Midfield,24,178,2,16666667,20000000,1953,67.344826,.13793103,4,.0020481311,.034482758,1,.00051203277,4,.22222222,2023,Belgium,16.666668
Oualid El Hajjam,Defender,31,181,5,1066666.6,1200000,1075,56.578949,.052631579,1,.00093023258,.052631579,1,.00093023258,2,.23684211,2023,Morocco,1.0666666
Ousmane Dembélé,Attack,25,178,3,30000000,30000000,1946,60.8125,.40625,13,.0066803698,.0625,2,.0010277493,4,.49056605,2023,France,30
Oussama Idrissi,Attack,26,183,3,5500000,7000000,1220,61,.1,2,.0016393443,.050000001,1,.00081967213,3,.27906978,2023,Morocco,5.5
Paolo Ghiglione,Defender,25,191,4,2500000,3000000,657,43.799999,.06666667,1,.00152207,0,0,0,3,.14634146,2023,Italy,2.5
Pascal Groß,Midfield,31,181,1,6500000,7000000,2253,72.677422,.12903225,4,.0017754106,.064516127,2,.0008877053,1,.32499999,2023,Germany,6.5
Pascal Stenzel,Defender,26,183,2,1666666.6,2000000,919,54.058823,0,0,0,0,0,0,1,.22222222,2023,Germany,1.6666666
Pascal Struijk,Defender,22,190,1,13000000,15000000,2051,70.724136,0,0,0,.034482758,1,.00048756704,6,.23076923,2023,Netherlands,13
Pasquale Mazzocchi,Defender,26,183,4,1500000,1500000,2644,75.542854,.057142857,2,.00075642962,0,0,0,5,.2,2023,Italy,1.5
Patrick Bamford,Attack,28,185,1,18000000,20000000,559,62.111111,.22222222,2,.0035778175,.22222222,2,.0035778175,1,.23076923,2023,England,18
Patrick Berg,Midfield,24,178,5,4500000,4500000,657,36.5,.055555556,1,.00152207,.055555556,1,.00152207,0,.44736841,2023,Norway,4.5
Patrick Cutrone,Attack,24,183,4,5250000,7000000,1552,50.064518,.064516127,2,.0012886598,.096774191,3,.0019329897,2,.29268292,2023,Italy,5.25
Patrik Schick,Attack,26,191,2,45000000,50000000,2229,71.903229,.16129032,5,.0022431584,.77419353,24,.01076716,0,.54545456,2023,Czech Republic,45
Patson Daka,Attack,23,183,1,21000000,22000000,1642,52.967743,.096774191,3,.0018270402,.32258064,10,.0060901339,2,.38297874,2023,Zambia,21
Paul Akouokou,Midfield,24,181,3,3666666.8,5000000,755,68.63636,0,0,0,0,0,0,3,.53571427,2023,Ivory Coast,3.6666667
Paul Bernardoni,Goalkeeper,25,190,5,8666667,10000000,2880,90,0,0,0,0,0,0,0,.18421052,2023,France,8.666667
Paul Dummett,Defender,30,183,1,1750000,2000000,198,66,0,0,0,0,0,0,2,.33333334,2023,Wales,1.75
Paul Jaeckel,Defender,23,186,2,3666666.8,5000000,2346,83.785713,0,0,0,0,0,0,6,.51219511,2023,Germany,3.6666667
Paul Lasne,Midfield,33,186,5,600000,700000,846,56.400002,.06666667,1,.0011820331,0,0,0,1,.34210527,2023,France,.60000002
Paul Nardi,Goalkeeper,28,188,5,2500000,3000000,1980,90,0,0,0,0,0,0,1,.21052632,2023,France,2.5
Paul Pogba,Midfield,29,191,1,51500000,55000000,1783,66.037041,.33333334,9,.0050476724,.037037037,1,.00056085252,8,.41666666,2023,France,51.5
Paul Seguin,Midfield,27,185,2,2200000,2200000,2228,79.571426,.10714286,3,.0013464991,0,0,0,10,.085714288,2023,Germany,2.2
Pavao Pervan,Goalkeeper,34,194,2,600000,600000,630,90,0,0,0,0,0,0,0,.31707317,2023,Austria,.60000002
Phil Jones,Defender,30,185,1,3500000,4000000,191,38.200001,0,0,0,0,0,0,0,.41666666,2023,England,3.5
Philip Zinckernagel,Midfield,27,175,1,3000000,3000000,279,69.75,.25,1,.0035842294,.25,1,.0035842294,1,.75,2023,Denmark,3
Philipp Förster,Midfield,27,188,2,2833333.3,3500000,1061,50.523811,.047619049,1,.00094250706,.095238097,2,.0018850141,4,.22222222,2023,Germany,2.8333333
Philipp Lienhart,Defender,25,189,2,17500000,18000000,3408,89.684212,0,0,0,.13157895,5,.0014671362,3,.5,2023,Austria,17.5
Philipp Pentke,Goalkeeper,37,191,2,300000,300000,210,105,0,0,0,0,0,0,0,.4054054,2023,Germany,.30000001
Pierluigi Gollini,Goalkeeper,27,194,1,12000000,15000000,270,90,0,0,0,0,0,0,0,.58139533,2023,Italy,12
Pierre Lees-Melou,Midfield,29,185,1,6000000,7000000,2542,70.611115,.027777778,1,.00039339103,.027777778,1,.00039339103,6,.17073171,2023,France,6
Pierre-Emerick Aubameyang,Attack,33,187,3,15000000,15000000,2554,69.027023,.054054055,2,.00078308536,.45945945,17,.0066562253,3,.49056605,2023,Gabon,15
Pierre-Emile Højbjerg,Midfield,26,185,1,40000000,40000000,3436,88.102562,.07692308,3,.00087310828,.051282052,2,.00058207219,3,.58139533,2023,Denmark,40
Pierre-Yves Hamel,Attack,28,189,5,1800000,2500000,543,27.15,0,0,0,0,0,0,3,.23684211,2023,France,1.8
Pierrick Capelle,Midfield,35,181,5,550000,600000,1187,39.566666,.06666667,2,.0016849199,0,0,0,2,.2631579,2023,France,.55000001
Pietro Ceccaroni,Defender,26,188,4,2450000,2500000,3243,90.083336,.055555556,2,.0006167129,.055555556,2,.0006167129,7,.19512194,2023,Italy,2.45
Pietro Pellegri,Attack,21,189,4,4750000,5000000,339,22.6,0,0,0,.06666667,1,.0029498525,1,.34999999,2023,Italy,4.75
Pietro Terracciano,Goalkeeper,32,193,4,1333333.4,1500000,3205,89.027779,0,0,0,0,0,0,0,.52272725,2023,Italy,1.3333334
Pontus Jansson,Defender,31,196,1,6500000,7000000,3412,89.789474,.052631579,2,.00058616645,.078947365,3,.00087924971,7,.34999999,2023,Sweden,6.5
Presnel Kimpembe,Defender,26,183,5,40000000,40000000,3290,86.578949,0,0,0,.02631579,1,.00030395135,9,.63829786,2023,France,40
Péter Gulácsi,Goalkeeper,32,190,2,9500000,11000000,4437,90.551018,0,0,0,0,0,0,1,.53846157,2023,Hungary,9.5
Rafael Tolói,Defender,31,185,4,10500000,13000000,2081,74.321426,.035714287,1,.00048053821,.035714287,1,.00048053821,8,.42307693,2023,Brazil,10.5
Raheem Sterling,Attack,27,170,1,77500000,85000000,2909,64.644447,.17777778,8,.0027500859,.37777779,17,.0058439327,2,.71428573,2023,England,77.5
Ramy Bensebaini,Defender,27,187,2,18666666,22000000,2089,87.041664,.083333336,2,.00095739588,.25,6,.0028721876,6,.37837839,2023,Algeria,18.666666
Rani Khedira,Midfield,28,189,2,5750000,6000000,3368,86.358971,.025641026,1,.00029691213,0,0,0,9,.51219511,2023,Germany,5.75
Raphael Framberger,Defender,26,179,2,1650000,1800000,929,38.708332,0,0,0,0,0,0,3,.30555555,2023,Germany,1.65
Raphaël Guerreiro,Defender,28,170,2,30000000,35000000,2166,77.35714,.14285715,4,.0018467221,.17857143,5,.0023084027,1,.5869565,2023,Portugal,30
Raphaël Varane,Defender,29,191,1,57666668,65000000,2362,81.448273,.034482758,1,.00042337002,.034482758,1,.00042337002,1,.41666666,2023,France,57.666668
Reece Oxford,Defender,23,190,2,8750000,12000000,2814,90.774193,.032258064,1,.00035536604,.096774191,3,.0010660981,9,.30555555,2023,England,8.75
Remo Freuler,Midfield,30,180,4,22000000,24000000,3528,82.046509,.13953489,6,.0017006802,.046511628,2,.00056689343,10,.42307693,2023,Switzerland,22
Renato Steffen,Attack,30,170,2,2933333.3,4000000,1271,48.884617,.07692308,2,.0015735641,.07692308,2,.0015735641,9,.31707317,2023,Switzerland,2.9333332
Renato Tapia,Midfield,26,185,3,13250000,18000000,1581,49.40625,.03125,1,.00063251104,0,0,0,10,.34146342,2023,Peru,13.25
Renaud Ripart,Attack,29,181,5,4333333.5,5000000,1904,68,.10714286,3,.0015756303,.071428575,2,.0010504202,2,.23684211,2023,France,4.3333335
Rey Manaj,Attack,25,182,4,1166666.6,1500000,1769,58.966667,0,0,0,.16666667,5,.0028264555,9,.27500001,2023,Albania,1.1666666
Ricardo Rodríguez,Defender,29,182,4,2700000,3400000,2597,72.138885,.027777778,1,.00038505968,0,0,0,4,.34999999,2023,Switzerland,2.7
Riccardo Gagliolo,Defender,32,180,4,1000000,1400000,1315,69.210526,.052631579,1,.00076045626,0,0,0,2,.2,2023,Italy,1
Riccardo Marchizza,Defender,24,186,4,2000000,2000000,1616,73.454544,.045454547,1,.00061881187,0,0,0,4,.29268292,2023,Italy,2
Riccardo Orsolini,Attack,25,183,4,10000000,10000000,1878,62.599998,.13333334,4,.0021299254,.23333333,7,.0037273695,2,.30769232,2023,Italy,10
Riccardo Saponara,Midfield,30,184,4,2750000,3000000,1553,45.676472,.11764706,4,.0025756601,.088235296,3,.001931745,1,.52272725,2023,Italy,2.75
Riccardo Sottil,Attack,23,180,4,9000000,9000000,1434,49.448277,.068965517,2,.0013947001,.13793103,4,.0027894003,4,.52272725,2023,Italy,9
Rick Karsdorp,Defender,27,184,4,14000000,15000000,3251,81.275002,.075000003,3,.000922793,0,0,0,9,.5,2023,Netherlands,14
Rico Henry,Defender,24,170,1,15750000,20000000,2867,81.914284,0,0,0,.085714288,3,.0010463899,2,.34999999,2023,England,15.75
Ridgeciano Haps,Defender,29,175,4,2600000,3000000,2129,73.413795,.068965517,2,.0009394082,.034482758,1,.0004697041,7,.19512194,2023,Netherlands,2.5999999
Riyad Mahrez,Attack,31,179,1,37500000,40000000,2770,61.555557,.17777778,8,.0028880867,.48888889,22,.0079422379,1,.71428573,2023,Algeria,37.5
Rob Holding,Defender,26,189,1,10666667,12000000,931,58.1875,0,0,0,.0625,1,.0010741139,4,.56410259,2023,England,10.666667
Robert Andrich,Midfield,27,187,2,12333333,13000000,2325,70.454544,.090909094,3,.0012903226,.21212122,7,.0030107526,8,.54545456,2023,Germany,12.333333
Robert Gumny,Defender,24,182,2,2666666.8,3000000,2412,80.400002,0,0,0,0,0,0,3,.30555555,2023,Poland,2.6666667
Robert Lewandowski,Attack,33,185,2,47500000,50000000,4006,87.08696,.15217391,7,.001747379,1.0869565,50,.012481278,3,.70212764,2023,Poland,47.5
Robert Skov,Midfield,26,185,2,7666666.5,8000000,388,29.846153,.30769232,4,.010309278,0,0,0,1,.4054054,2023,Denmark,7.6666665
Robert Tesche,Midfield,35,182,2,350000,350000,467,38.916668,0,0,0,.083333336,1,.0021413276,3,.39473686,2023,Germany,.34999999
Roberto Gagliardini,Midfield,28,188,4,10000000,12000000,785,32.708332,.083333336,2,.0025477707,.083333336,2,.0025477707,3,.65384614,2023,Italy,10
Roberto Pereyra,Midfield,31,182,4,7000000,7500000,1860,74.400002,.23999999,6,.0032258064,.2,5,.002688172,10,.31707317,2023,Argentina,7
Roberto Soriano,Midfield,31,182,4,6500000,8000000,2727,75.75,.11111111,4,.0014668134,.027777778,1,.00036670335,6,.30769232,2023,Italy,6.5
Robin Gosens,Midfield,27,183,4,31500000,35000000,740,43.529411,.11764706,2,.0027027028,.17647059,3,.0040540542,3,.65384614,2023,Germany,31.5
Robin Hack,Attack,23,178,2,2150000,2300000,1409,45.451614,.096774191,3,.0021291696,0,0,0,2,.16666667,2023,Germany,2.1500001
Robin Knoche,Defender,30,189,2,6166666.5,7500000,3630,90.75,.025,1,.0002754821,.025,1,.0002754821,8,.51219511,2023,Germany,6.1666665
Robin Koch,Defender,25,191,1,16500000,17000000,1664,79.238098,0,0,0,0,0,0,3,.23076923,2023,Germany,16.5
Robin Le Normand,Defender,25,187,3,28333334,30000000,4252,88.583336,.041666668,2,.00047036688,.041666668,2,.00047036688,6,.4509804,2023,France,28.333334
Robin Olsen,Goalkeeper,32,196,1,2000000,2000000,90,90,0,0,0,0,0,0,0,.33333334,2023,Sweden,2
Robin Zentner,Goalkeeper,27,195,2,5000000,5000000,3210,91.714287,0,0,0,0,0,0,1,.4054054,2023,Germany,5
Roland Sallai,Attack,25,183,2,11333333,12000000,1786,49.611111,.16666667,6,.0033594626,.1388889,5,.0027995522,1,.5,2023,Hungary,11.333333
Rolando Mandragora,Midfield,25,183,4,12000000,14000000,1520,66.08696,.086956523,2,.0013157895,.043478262,1,.00065789477,7,.34999999,2023,Italy,12
Romain Del Castillo,Attack,26,172,5,3233333.3,3500000,1108,46.166668,.29166666,7,.0063176895,.041666668,1,.00090252707,1,.34210527,2023,France,3.2333333
Romain Faivre,Midfield,23,180,5,15000000,15000000,2943,75.46154,.12820514,5,.0016989467,.25641027,10,.0033978934,1,.47916666,2023,France,15
Romain Hamouma,Attack,35,179,5,1000000,1000000,880,40,.045454547,1,.0011363636,.090909094,2,.0022727272,2,.18421052,2023,France,1
Romain Perraud,Defender,24,173,1,8666667,10000000,1835,83.409088,.045454547,1,.00054495916,.045454547,1,.00054495916,4,.2857143,2023,France,8.666667
Romain Saïss,Defender,32,188,1,8500000,9000000,2709,87.3871,0,0,0,.064516127,2,.00073827984,6,.40000001,2023,Morocco,8.5
Romain Thomas,Defender,34,193,5,1100000,1200000,2566,85.533333,0,0,0,.06666667,2,.00077942322,10,.2631579,2023,France,1.1
Romelu Lukaku,Attack,29,191,1,85000000,100000000,2509,62.724998,.050000001,2,.00079713034,.375,15,.0059784777,1,.63157892,2023,Belgium,85
Ronaël Pierre-Gabriel,Defender,24,177,5,4666666.5,5000000,2556,85.199997,.033333335,1,.0003912363,0,0,0,6,.34210527,2023,France,4.6666665
Ross Barkley,Midfield,28,189,1,14000000,17000000,296,26.90909,0,0,0,.090909094,1,.0033783785,0,.63157892,2023,England,14
Ruben Aguilar,Defender,29,172,5,10000000,10000000,2615,72.638885,.055555556,2,.00076481834,0,0,0,5,.5,2023,France,10
Ruben Loftus-Cheek,Midfield,26,191,1,20000000,20000000,2049,55.37838,.13513513,5,.0024402146,.027027028,1,.00048804295,3,.63157892,2023,England,20
Ruslan Malinovskyi,Midfield,29,181,4,29000000,30000000,2315,56.463413,.17073171,7,.0030237581,.24390244,10,.0043196543,10,.42307693,2023,Ukraine,29
Ryan Bertrand,Defender,32,179,1,4000000,5000000,662,73.555557,0,0,0,0,0,0,2,.38297874,2023,England,4
Ryan Fraser,Attack,28,163,1,9333333,10000000,1562,55.785713,.10714286,3,.0019206146,.071428575,2,.0012804097,3,.33333334,2023,Scotland,9.333333
Ryan Fredericks,Defender,29,181,1,1750000,2000000,729,52.07143,0,0,0,0,0,0,1,.4528302,2023,England,1.75
Ryan Sessegnon,Midfield,22,178,1,16500000,18000000,1365,71.842102,.10526316,2,.0014652015,0,0,0,2,.58139533,2023,England,16.5
Rémi Oudin,Attack,25,186,5,5500000,6000000,1741,52.757576,.15151516,5,.0028719127,.12121212,4,.0022975302,5,.15789473,2023,France,5.5
Rémy Cabella,Midfield,32,172,5,7250000,8000000,1732,78.727272,.27272728,6,.0034642033,.18181819,4,.0023094688,3,.31578946,2023,France,7.25
Sada Thioub,Attack,27,179,5,2250000,2500000,956,53.111111,.055555556,1,.0010460251,0,0,0,2,.18421052,2023,France,2.25
Sadio Mané,Attack,30,174,1,75000000,80000000,3858,77.160004,.1,5,.0012960082,.46000001,23,.0059616379,8,.7719298,2023,Senegal,75
Salih Özcan,Midfield,24,183,2,8000000,13000000,2527,74.323532,.029411765,1,.00039572615,.05882353,2,.0007914523,5,.43243244,2023,Germany,8
Salvatore Sirigu,Goalkeeper,35,192,4,1500000,1500000,3330,90,0,0,0,0,0,0,0,.14634146,2023,Italy,1.5
Sam Byram,Defender,28,183,1,2000000,2000000,1275,70.833336,0,0,0,0,0,0,4,.17073171,2023,England,2
Sam Lammers,Attack,25,191,2,3333333.3,4000000,832,34.666668,0,0,0,.083333336,2,.0024038462,1,.375,2023,Netherlands,3.3333333
Saman Ghoddos,Midfield,28,175,1,2750000,3000000,628,33.052631,.10526316,2,.0031847134,.052631579,1,.0015923567,2,.34999999,2023,Iran,2.75
Sambou Sissoko,Midfield,23,179,5,500000,500000,170,21.25,0,0,0,0,0,0,0,.28947368,2023,France,.5
Samir Ujkani,Goalkeeper,33,186,4,200000,200000,90,90,0,0,0,0,0,0,0,.29268292,2023,Kosovo,.2
Samuel Chukwueze,Attack,23,172,3,20000000,20000000,1769,46.552631,.078947365,3,.0016958733,.18421052,7,.0039570378,4,.42592594,2023,Nigeria,20
Samuel Moutoussamy,Midfield,25,176,5,1833333.4,3000000,1502,50.066666,.033333335,1,.00066577893,0,0,0,5,.39473686,2023,France,1.8333334
Samuel Umtiti,Defender,28,182,3,3000000,5000000,90,90,0,0,0,0,0,0,1,.49056605,2023,France,3
Sandro Tonali,Midfield,22,181,4,41666668,50000000,3150,70,.06666667,3,.00095238094,.11111111,5,.0015873016,11,.60416669,2023,Italy,41.666668
Sascha Burchert,Goalkeeper,32,187,2,425000,450000,1260,90,0,0,0,0,0,0,0,.085714288,2023,Germany,.42500001
Saulo Decarli,Defender,30,188,2,366666.66,500000,8,8,0,0,0,0,0,0,0,.39473686,2023,Switzerland,.36666664
Saîf-Eddine Khaoui,Midfield,27,180,5,1500000,1500000,923,40.130436,.043478262,1,.0010834236,.043478262,1,.0010834236,1,.23684211,2023,Tunisia,1.5
Saïd Benrahma,Attack,26,172,1,25000000,25000000,2833,61.586956,.13043478,6,.0021178962,.23913044,11,.0038828098,1,.4528302,2023,Algeria,25
Scott McTominay,Midfield,25,191,1,33500000,35000000,3001,81.108109,.027027028,1,.00033322227,.054054055,2,.00066644454,10,.41666666,2023,Scotland,33.5
Sean Longstaff,Midfield,24,187,1,13000000,13000000,1520,60.799999,.039999999,1,.00065789477,.039999999,1,.00065789477,1,.33333334,2023,England,13
Sebastiaan Bornauw,Defender,23,191,2,12333333,14000000,2229,71.903229,.032258064,1,.00044863168,.032258064,1,.00044863168,4,.31707317,2023,Belgium,12.333333
Sebastian Andersson,Attack,30,190,2,2500000,3000000,1453,50.103447,.034482758,1,.00068823126,.10344828,3,.0020646937,3,.43243244,2023,Sweden,2.5
Sebastian Griesbeck,Defender,31,189,2,750000,800000,2449,81.633331,0,0,0,.033333335,1,.00040832994,7,.085714288,2023,Germany,.75
Sebastian Polter,Attack,31,192,2,1850000,2200000,2541,70.583336,.083333336,3,.0011806375,.30555555,11,.0043290043,4,.39473686,2023,Germany,1.85
Sebastian Rode,Midfield,31,179,2,2500000,2500000,1197,42.75,0,0,0,.035714287,1,.0008354219,3,.375,2023,Germany,2.5
Sebastian Rudy,Midfield,32,180,2,2000000,2500000,925,38.541668,.041666668,1,.0010810811,.125,3,.0032432433,5,.4054054,2023,Germany,2
Sebastian Vasiliadis,Midfield,24,177,2,1900000,2000000,1200,63.157894,0,0,0,0,0,0,3,.16666667,2023,Germany,1.9
Sebastian Walukiewicz,Defender,22,188,4,6000000,7000000,392,49,0,0,0,0,0,0,1,.19512194,2023,Poland,6
Sebastiano Luperto,Defender,25,191,4,2750000,3000000,2003,80.120003,.079999998,2,.00099850225,0,0,0,9,.29268292,2023,Italy,2.75
Seko Fofana,Midfield,27,185,5,21000000,25000000,3364,88.526314,.02631579,1,.00029726516,.21052632,8,.0023781213,2,.44736841,2023,Ivory Coast,21
Serge Aurier,Defender,29,176,3,12333333,15000000,1132,47.166668,.083333336,2,.0017667845,0,0,0,4,.42592594,2023,Ivory Coast,12.333333
Serge Gnabry,Attack,26,176,2,67500000,70000000,2748,61.066666,.22222222,10,.0036390102,.37777779,17,.0061863172,0,.70212764,2023,Germany,67.5
Sergej Milinković-Savić,Midfield,27,191,4,70000000,70000000,3778,80.38298,.25531915,12,.0031762838,.23404256,11,.0029115935,8,.4375,2023,Serbia,70
Serhou Guirassy,Attack,26,187,5,9666667,10000000,1095,28.076923,.025641026,1,.00091324199,.25641027,10,.0091324197,1,.55000001,2023,France,9.666667
Shandon Baptiste,Midfield,24,180,1,2333333.3,3000000,952,39.666668,0,0,0,.041666668,1,.0010504202,2,.34999999,2023,Grenada,2.3333333
Sheraldo Becker,Attack,27,180,2,4666666.5,7000000,2116,62.235294,.17647059,6,.0028355387,.17647059,6,.0028355387,6,.51219511,2023,Netherlands,4.6666665
Shkodran Mustafi,Defender,30,184,3,2000000,2000000,704,58.666668,0,0,0,.083333336,1,.0014204546,1,.23076923,2023,Germany,2
Sikou Niakaté,Defender,22,186,5,2000000,2200000,661,55.083332,0,0,0,0,0,0,2,.15789473,2023,France,2
Silvan Hefti,Defender,24,182,4,4500000,5000000,1993,76.653847,.07692308,2,.0010035123,.03846154,1,.00050175615,4,.14634146,2023,Switzerland,4.5
Silvan Widmer,Defender,29,183,2,5000000,5000000,3219,89.416664,.1388889,5,.0015532774,.11111111,4,.0012426219,1,.4054054,2023,Switzerland,5
Simon Asta,Defender,21,178,2,583333.31,900000,829,59.214287,0,0,0,0,0,0,1,.085714288,2023,Germany,.58333331
Simon Zoller,Attack,31,179,2,1450000,1800000,715,65,.27272728,3,.0041958042,.36363637,4,.0055944058,3,.39473686,2023,Germany,1.45
Simone Romagnoli,Defender,32,193,4,1100000,1200000,1752,79.63636,0,0,0,.090909094,2,.0011415525,5,.29268292,2023,Italy,1.1
Simone Verdi,Midfield,29,174,4,5500000,6500000,923,48.578949,0,0,0,.31578946,6,.0065005417,3,.2,2023,Italy,5.5
Sofian Kiyine,Midfield,24,182,4,2200000,2300000,1330,47.5,0,0,0,.035714287,1,.00075187971,8,.19512194,2023,Morocco,2.2
Sofiane Boufal,Attack,28,175,5,7250000,8000000,2344,80.827583,.1724138,5,.0021331059,.27586207,8,.0034129692,6,.2631579,2023,Morocco,7.25
Sofiane Diop,Attack,22,175,5,20000000,20000000,2392,58.341465,.17073171,7,.0029264214,.19512194,8,.0033444816,6,.5,2023,France,20
Sofyan Amrabat,Midfield,25,185,4,10333333,12000000,1052,42.080002,0,0,0,.039999999,1,.00095057033,6,.52272725,2023,Morocco,10.333333
Souleyman Doumbia,Defender,25,183,5,2750000,3000000,2231,82.629631,.037037037,1,.00044822949,0,0,0,10,.2631579,2023,Ivory Coast,2.75
Stanislav Lobotka,Midfield,27,170,4,15000000,20000000,1882,72.384613,0,0,0,.03846154,1,.00053134962,2,.57446808,2023,Slovakia,15
Stefan Bell,Defender,30,192,2,2500000,2500000,3140,87.222221,0,0,0,.055555556,2,.00063694268,10,.4054054,2023,Germany,2.5
Stefan Ilsanker,Midfield,33,189,2,1250000,1500000,286,20.428572,0,0,0,0,0,0,1,.375,2023,Austria,1.25
Stefan Lainer,Defender,29,175,2,7125000,10000000,1616,70.260872,.13043478,3,.0018564357,.043478262,1,.00061881187,2,.37837839,2023,Austria,7.125
Stefan Posch,Defender,25,190,2,10666667,11000000,2427,78.290321,0,0,0,.064516127,2,.00082406262,5,.4054054,2023,Austria,10.666667
Stefan de Vrij,Defender,30,189,4,36000000,45000000,3364,82.048782,.024390243,1,.00029726516,.024390243,1,.00029726516,3,.65384614,2023,Netherlands,36
Stefano Sensi,Midfield,26,168,4,8333333.5,10000000,952,41.391304,0,0,0,.086956523,2,.0021008404,1,.29268292,2023,Italy,8.333334
Stefano Sturaro,Midfield,29,181,4,3500000,4000000,1822,70.07692,0,0,0,0,0,0,11,.14634146,2023,Italy,3.5
Stefanos Kapino,Goalkeeper,28,196,2,700000,700000,90,90,0,0,0,0,0,0,0,.16666667,2023,Greece,.69999999
Steffen Tigges,Attack,23,194,2,1500000,1500000,374,24.933332,0,0,0,.2,3,.0080213901,0,.5869565,2023,Germany,1.5
Stephan El Shaarawy,Attack,29,178,4,6500000,7000000,1072,36.965519,0,0,0,.13793103,4,.0037313432,1,.5,2023,Italy,6.5
Steve Mandanda,Goalkeeper,37,187,5,1750000,2000000,900,90,0,0,0,0,0,0,0,.5,2023,France,1.75
Steve Mounié,Attack,27,190,5,7000000,7000000,2312,66.057144,.057142857,2,.00086505193,.25714287,9,.0038927335,1,.34210527,2023,Benin,7
Steven Bergwijn,Attack,24,178,1,18000000,18000000,628,22.428572,.035714287,1,.0015923567,.10714286,3,.0047770701,1,.58139533,2023,Netherlands,18
Stole Dimitrievski,Goalkeeper,28,188,3,2333333.3,3000000,2951,89.42424,0,0,0,0,0,0,1,.35555556,2023,FYR Macedonia,2.3333333
Stuart Armstrong,Midfield,30,183,1,6000000,6000000,1737,59.896553,.034482758,1,.00057570526,.10344828,3,.0017271157,1,.2857143,2023,Scotland,6
Stuart Dallas,Defender,31,183,1,4000000,4000000,2967,84.771431,.028571429,1,.00033704078,.028571429,1,.00033704078,5,.23076923,2023,Northern Ireland,4
Stéphane Bahoken,Attack,30,185,5,4833333.5,5500000,1096,37.793102,.034482758,1,.00091240875,.10344828,3,.0027372262,0,.2631579,2023,Cameroon,4.8333335
Suat Serdar,Midfield,25,184,2,9666667,12000000,2441,73.969696,.060606062,2,.00081933633,.12121212,4,.0016386727,8,.2972973,2023,Germany,9.666667
Sven Michel,Attack,31,177,2,1066666.6,1200000,435,27.1875,.125,2,.0045977011,.25,4,.0091954023,3,.51219511,2023,Germany,1.0666666
Sven Ulreich,Goalkeeper,33,192,2,900000,900000,720,90,0,0,0,0,0,0,0,.70212764,2023,Germany,.89999998
Sébastien Corchia,Defender,31,176,5,1900000,2000000,1318,47.07143,.10714286,3,.0022761761,0,0,0,0,.39473686,2023,France,1.9
Taiwo Awoniyi,Attack,24,183,2,14333333,20000000,2575,69.594597,.13513513,5,.0019417476,.48648649,18,.0069902912,1,.51219511,2023,Nigeria,14.333333
Tammy Abraham,Attack,24,194,4,44333332,50000000,3337,83.425003,.125,5,.0014983518,.44999999,18,.0053940667,10,.5,2023,England,44.333332
Tarsis Bonga,Attack,25,197,2,300000,300000,14,4.6666665,0,0,0,0,0,0,0,.39473686,2023,Germany,.30000001
Teemu Pukki,Attack,32,180,1,4500000,5000000,3391,84.775002,.1,4,.001179593,.27500001,11,.0032438808,5,.17073171,2023,Finland,4.5
Teun Koopmeiners,Midfield,24,183,4,22666666,25000000,3220,68.510635,.08510638,4,.001242236,.08510638,4,.001242236,6,.42307693,2023,Netherlands,22.666666
Thibaut Courtois,Goalkeeper,30,200,3,62500000,65000000,4770,91.730766,0,0,0,0,0,0,1,.6964286,2023,Belgium,62.5
Thilo Kehrer,Defender,25,186,5,23500000,25000000,1660,53.548386,0,0,0,.064516127,2,.0012048193,2,.63829786,2023,Germany,23.5
Thomas Delaine,Defender,30,180,5,2000000,2000000,2316,79.862068,.068965517,2,.00086355786,.034482758,1,.00043177893,4,.15789473,2023,France,2
Thomas Delaney,Midfield,30,182,3,8000000,9000000,2042,55.18919,.027027028,1,.00048971595,.054054055,2,.0009794319,8,.46153846,2023,Denmark,8
Thomas Foket,Defender,27,177,5,5000000,5000000,2240,77.241379,.034482758,1,.00044642857,.034482758,1,.00044642857,5,.28947368,2023,Belgium,5
Thomas Lemar,Midfield,26,171,3,40000000,40000000,2000,57.142857,.17142858,6,.003,.11428571,4,.0020000001,2,.49019608,2023,France,40
Thomas Mangani,Midfield,35,183,5,700000,800000,2195,66.515152,.060606062,2,.00091116171,.21212122,7,.003189066,6,.2631579,2023,France,.69999999
Thomas Meunier,Defender,30,191,2,7750000,9000000,2096,80.615387,.1923077,5,.0023854962,.07692308,2,.00095419848,6,.5869565,2023,Belgium,7.75
Thomas Monconduit,Midfield,31,184,5,1500000,1500000,2254,66.294121,.05882353,2,.00088731147,.088235296,3,.0013309672,5,.21052632,2023,France,1.5
Thomas Müller,Attack,32,185,2,23500000,25000000,3565,79.222221,.55555558,25,.0070126229,.2888889,13,.0036465637,0,.70212764,2023,Germany,23.5
Thomas Partey,Midfield,29,185,1,39000000,40000000,2033,84.708336,.041666668,1,.0004918839,.083333336,2,.00098376779,6,.56410259,2023,Ghana,39
Thomas Strakosha,Goalkeeper,27,193,4,7166666.5,7500000,2790,90,0,0,0,0,0,0,2,.4375,2023,Albania,7.1666665
Thorgan Hazard,Attack,29,175,2,17500000,20000000,1657,55.233334,.033333335,1,.00060350029,.2,6,.0036210017,2,.5869565,2023,Belgium,17.5
Tim Krul,Goalkeeper,34,193,1,2000000,2000000,2790,90,0,0,0,0,0,0,1,.17073171,2023,Netherlands,2
Timo Baumgartl,Defender,26,190,2,5000000,5000000,2829,88.40625,.0625,2,.00070696359,.03125,1,.0003534818,5,.51219511,2023,Germany,5
Timo Horn,Goalkeeper,29,192,2,2933333.3,4000000,1170,90,0,0,0,0,0,0,0,.43243244,2023,Germany,2.9333332
Timo Hübers,Defender,25,190,2,4000000,7500000,2072,90.08696,0,0,0,.043478262,1,.00048262547,8,.43243244,2023,Germany,4
Timo Werner,Attack,26,180,1,45500000,55000000,1970,59.696968,.18181819,6,.0030456854,.30303031,10,.005076142,1,.63157892,2023,Germany,45.5
Timothy Castagne,Defender,26,185,1,28000000,28000000,2576,80.5,0,0,0,.03125,1,.00038819876,1,.38297874,2023,Belgium,28
Timothy Chandler,Defender,32,186,2,1350000,1500000,1557,70.772728,.045454547,1,.00064226077,0,0,0,5,.375,2023,United States,1.35
Timothy Tillman,Midfield,23,183,2,1500000,1800000,2131,71.033333,.1,3,.0014077898,.033333335,1,.00046926326,3,.085714288,2023,Germany,1.5
Timothy Weah,Midfield,22,183,5,13333333,15000000,1888,53.942856,.14285715,5,.0026483051,.085714288,3,.001588983,2,.38297874,2023,United States,13.333333
Tobias Sippel,Goalkeeper,34,183,2,400000,400000,90,90,0,0,0,0,0,0,0,.37837839,2023,Germany,.40000001
Tobias Strobl,Midfield,32,188,2,950000,1000000,445,74.166664,0,0,0,0,0,0,2,.30555555,2023,Germany,.94999999
Todd Cantwell,Midfield,24,180,1,19000000,20000000,485,53.888889,0,0,0,0,0,0,2,.5,2023,England,19
Tom Cleverley,Midfield,32,175,1,1900000,2000000,1686,58.137932,.068965517,2,.0011862396,0,0,0,2,.15384616,2023,England,1.9
Tom Heaton,Goalkeeper,36,188,1,900000,1000000,22,22,0,0,0,0,0,0,0,.41666666,2023,England,.89999998
Toma Bašić,Midfield,25,190,4,8500000,9000000,1626,40.650002,.075000003,3,.0018450185,.025,1,.00061500614,3,.4375,2023,Croatia,8.5
Tommaso Augello,Defender,27,180,4,3750000,4000000,2567,67.552635,.052631579,2,.00077911961,.02631579,1,.00038955981,0,.29268292,2023,Italy,3.75
Tomás Alarcón,Midfield,23,176,3,3000000,3000000,1459,60.791668,.041666668,1,.00068540097,.041666668,1,.00068540097,5,.27906978,2023,Chile,3
Toni Kroos,Midfield,32,183,3,25000000,30000000,3397,75.488892,.06666667,3,.00088313216,.06666667,3,.00088313216,6,.6964286,2023,Germany,25
Tony Jantschke,Defender,32,177,2,1000000,1200000,227,75.666664,0,0,0,0,0,0,0,.37837839,2023,Germany,1
Trent Alexander-Arnold,Defender,23,180,1,80000000,80000000,3949,89.75,.38636363,17,.0043048873,.045454547,2,.00050645735,4,.7719298,2023,England,80
Trevoh Chalobah,Defender,22,192,1,17000000,20000000,1857,71.42308,.03846154,1,.00053850294,.15384616,4,.0021540117,3,.63157892,2023,England,17
Tristan Dingomé,Midfield,31,174,5,1650000,1800000,1074,42.959999,.2,5,.0046554934,.079999998,2,.0018621974,3,.23684211,2023,France,1.65
Tyler Adams,Midfield,23,175,2,18000000,20000000,2060,55.675674,.027027028,1,.0004854369,0,0,0,9,.53846157,2023,United States,18
Tyrick Mitchell,Defender,22,175,1,17000000,25000000,3444,86.099998,.050000001,2,.00058072008,0,0,0,1,.3488372,2023,England,17
Tyrone Mings,Defender,29,196,1,31000000,32000000,3278,88.594597,.081081077,3,.00091519218,.027027028,1,.00030506405,11,.33333334,2023,England,31
Tyronne Ebuehi,Defender,26,187,4,1400000,1400000,1262,63.099998,0,0,0,0,0,0,1,.19512194,2023,Nigeria,1.4
Téji Savanier,Midfield,30,172,5,12000000,12000000,2422,83.517242,.24137931,7,.0028901733,.27586207,8,.0033030554,9,.31578946,2023,France,12
Uroš Račić,Midfield,24,193,3,7500000,8000000,1433,43.424244,.030303031,1,.00069783669,0,0,0,5,.37777779,2023,Serbia,7.5
Valentin Rongier,Midfield,27,172,5,11333333,12000000,2541,70.583336,.027777778,1,.00039354584,0,0,0,8,.5,2023,France,11.333333
Valerio Verre,Midfield,28,181,4,2650000,2800000,811,40.549999,.050000001,1,.0012330456,.050000001,1,.0012330456,2,.29268292,2023,Italy,2.6500001
Valon Berisha,Midfield,29,176,5,2666666.8,3000000,453,34.846153,.07692308,1,.0022075055,0,0,0,2,.28947368,2023,Kosovo,2.6666667
Valère Germain,Attack,32,181,5,2750000,3000000,1974,58.058823,.088235296,3,.0015197569,.11764706,4,.0020263426,3,.31578946,2023,France,2.75
Vanja Milinković-Savić,Goalkeeper,25,202,4,2833333.3,4500000,2550,91.071426,0,0,0,0,0,0,3,.34999999,2023,Serbia,2.8333333
Vasilios Lampropoulos,Defender,32,185,2,600000,700000,1264,84.26667,0,0,0,0,0,0,1,.39473686,2023,Greece,.60000002
Vedat Muriqi,Attack,28,194,3,7000000,8000000,1914,59.8125,.125,4,.0020898641,.15625,5,.0026123303,8,.3255814,2023,Kosovo,7
Vid Belec,Goalkeeper,32,192,4,600000,700000,2026,84.416664,0,0,0,0,0,0,1,.2,2023,Slovenia,.60000002
Viktor Kovalenko,Midfield,26,182,4,3500000,4000000,1410,52.222221,.14814815,4,.0028368793,.037037037,1,.00070921984,4,.27500001,2023,Ukraine,3.5
Vincent Le Goff,Defender,32,177,5,1000000,1000000,3060,90,.029411765,1,.0003267974,.029411765,1,.0003267974,1,.21052632,2023,France,1
Vincent Manceau,Defender,32,176,5,850000,900000,2359,84.25,0,0,0,0,0,0,2,.2631579,2023,France,.85000002
Vincent Pajot,Midfield,31,180,5,1000000,1000000,2317,77.23333,0,0,0,.033333335,1,.00043159258,6,.15789473,2023,France,1
Vincenzo Fiorillo,Goalkeeper,32,190,4,300000,300000,180,90,0,0,0,0,0,0,0,.2,2023,Italy,.30000001
Vincenzo Grifo,Attack,29,180,2,12000000,12000000,3315,82.875,.2,8,.0024132731,.32499999,13,.0039215689,1,.5,2023,Italy,12
Virgil van Dijk,Defender,30,193,1,55000000,55000000,4321,90.020836,.10416666,5,.0011571395,.0625,3,.00069428375,4,.7719298,2023,Netherlands,55
Vitaliy Mykolenko,Defender,23,180,1,17666666,18000000,3127,84.513512,.081081077,3,.000959386,.027027028,1,.00031979533,3,.33333334,2023,Ukraine,17.666666
Vitaly Janelt,Midfield,24,184,1,11500000,14000000,2441,73.969696,.030303031,1,.00040966817,.12121212,4,.0016386727,3,.34999999,2023,Germany,11.5
Wahbi Khazri,Attack,31,176,5,4250000,4500000,2238,74.599998,0,0,0,.33333334,10,.0044682752,6,.18421052,2023,Tunisia,4.25
Waldemar Anton,Defender,25,189,2,6500000,7500000,2608,86.933334,.033333335,1,.00038343557,.06666667,2,.00076687115,5,.22222222,2023,Germany,6.5
Walter Benítez,Goalkeeper,29,191,5,13000000,14000000,3330,90,0,0,0,0,0,0,2,.52631581,2023,Argentina,13
Wesley Saïd,Attack,27,171,5,2500000,2500000,647,30.809525,.047619049,1,.001545595,.23809524,5,.0077279755,2,.44736841,2023,France,2.5
Weston McKennie,Midfield,23,185,4,25000000,25000000,1966,67.793106,0,0,0,.13793103,4,.002034588,1,.55769229,2023,United States,25
Wilfried Zaha,Attack,29,180,1,39000000,40000000,3032,84.222221,.055555556,2,.00065963063,.41666666,15,.0049472298,6,.3488372,2023,Ivory Coast,39
Will Hughes,Midfield,27,185,1,6000000,6000000,1243,62.150002,.050000001,1,.00080450525,.050000001,1,.00080450525,6,.3488372,2023,England,6
Willem Geubbels,Attack,20,185,5,4250000,4500000,531,24.136364,.045454547,1,.0018832391,.090909094,2,.0037664783,1,.39473686,2023,France,4.25
William Saliba,Defender,21,192,5,27000000,30000000,3780,90,0,0,0,0,0,0,6,.5,2023,France,27
William Troost-Ekong,Defender,28,191,1,4500000,5000000,1388,81.647057,0,0,0,0,0,0,3,.15384616,2023,Nigeria,4.5
Wissam Ben Yedder,Attack,31,170,5,26500000,28000000,3195,66.5625,.125,6,.0018779343,.5625,27,.0084507046,3,.5,2023,France,26.5
Wout Faes,Defender,24,187,5,9000000,10000000,3330,90,0,0,0,.10810811,4,.0012012012,2,.28947368,2023,Belgium,9
Wout Weghorst,Attack,29,197,1,17000000,20000000,3529,80.204544,.090909094,4,.0011334656,.20454545,9,.0025502976,7,.17948718,2023,Netherlands,17
Wylan Cyprien,Midfield,27,180,5,4750000,5000000,1494,62.25,.125,3,.0020080321,.083333336,2,.0013386881,3,.39473686,2023,France,4.75
Xaver Schlager,Midfield,24,174,2,27000000,27000000,1168,77.866669,.06666667,1,.00085616438,0,0,0,2,.31707317,2023,Austria,27
Xavier Chavalerin,Midfield,31,179,5,3750000,4000000,2943,79.540543,.054054055,2,.00067957869,.13513513,5,.0016989467,4,.23684211,2023,France,3.75
Yacine Adli,Midfield,21,186,5,9000000,9000000,2263,62.861111,.22222222,8,.0035351303,.027777778,1,.00044189129,5,.15789473,2023,France,9
Yan Valery,Defender,23,185,1,2500000,2500000,609,76.125,.125,1,.0016420361,0,0,0,3,.2857143,2023,France,2.5
Yangel Herrera,Midfield,24,184,3,16000000,18000000,1651,71.782608,.043478262,1,.00060569349,.043478262,1,.00060569349,7,.31707317,2023,Venezuela,16
Yann Sommer,Goalkeeper,33,183,2,5000000,5000000,3219,89.416664,.027777778,1,.00031065548,0,0,0,2,.37837839,2023,Switzerland,5
Yannick Gerhardt,Midfield,28,184,2,6375000,7000000,1789,54.21212,.18181819,6,.003353829,.030303031,1,.00055897149,2,.31707317,2023,Germany,6.375
Yerry Mina,Defender,27,195,1,20000000,20000000,923,65.928574,0,0,0,.071428575,1,.0010834236,3,.33333334,2023,Colombia,20
Yoane Wissa,Attack,25,176,1,11000000,12000000,1335,43.064518,.032258064,1,.00074906368,.22580644,7,.0052434457,0,.34999999,2023,France,11
Yoann Salmier,Defender,29,188,5,1900000,2000000,2671,86.161293,.032258064,1,.00037439162,0,0,0,5,.23684211,2023,France,1.9
Yoann Touzghar,Attack,35,180,5,975000,1500000,1459,52.107143,0,0,0,.14285715,4,.0027416039,0,.23684211,2023,Tunisia,.97500002
Yohann Magnin,Midfield,25,183,5,1750000,2000000,1716,71.5,.041666668,1,.0005827506,.041666668,1,.0005827506,2,.23684211,2023,France,1.75
Youri Tielemans,Midfield,25,177,1,55000000,55000000,3227,80.675003,.125,5,.0015494267,.175,7,.0021691974,4,.38297874,2023,Belgium,55
Youssef En-Nesyri,Attack,25,192,3,33333334,40000000,1581,54.517242,.10344828,3,.0018975332,.1724138,5,.0031625554,4,.46153846,2023,Morocco,33.333336
Youssouf Fofana,Midfield,23,185,5,16000000,18000000,2861,68.119049,.095238097,4,.0013981125,.023809524,1,.00034952813,6,.5,2023,France,16
Youssouf Koné,Defender,26,174,5,1800000,2000000,977,46.523811,.047619049,1,.0010235414,0,0,0,2,.23684211,2023,Mali,1.8
Youssouf Sabaly,Defender,29,173,3,3000000,3000000,1409,82.882355,.05882353,1,.00070972322,0,0,0,1,.53571427,2023,Senegal,3
Yunis Abdelhamid,Defender,34,190,5,1350000,1500000,2984,87.764709,0,0,0,.05882353,2,.00067024131,5,.28947368,2023,Morocco,1.35
Yves Bissouma,Midfield,25,182,1,31666666,35000000,2206,81.703705,.074074075,2,.00090661831,.074074075,2,.00090661831,10,.32499999,2023,Mali,31.666666
Zack Steffen,Goalkeeper,27,191,1,6000000,6000000,630,90,0,0,0,0,0,0,1,.71428573,2023,United States,6
Zaydou Youssouf,Midfield,22,182,5,4000000,4000000,1557,51.900002,0,0,0,.033333335,1,.00064226077,3,.18421052,2023,France,4
Zinho Vanheusden,Defender,22,187,4,9000000,10000000,1199,74.9375,0,0,0,0,0,0,3,.14634146,2023,Belgium,9
Zlatan Ibrahimović,Attack,40,195,4,3500000,4000000,1168,43.259258,.11111111,3,.0025684931,.2962963,8,.006849315,3,.60416669,2023,Sweden,3.5
Ángel Correa,Attack,27,171,3,43333332,45000000,2428,49.551022,.12244898,6,.0024711697,.26530612,13,.005354201,5,.49019608,2023,Argentina,43.333332
Çağlar Söyüncü,Defender,26,185,1,42500000,45000000,3173,88.138885,0,0,0,.027777778,1,.00031515915,6,.38297874,2023,Turkey,42.5
Óscar Duarte,Defender,33,186,3,800000,800000,1819,75.791664,0,0,0,.083333336,2,.0010995052,5,.23076923,2023,Costa Rica,.80000001
İlkay Gündoğan,Midfield,31,180,1,30000000,35000000,2932,69.809525,.14285715,6,.0020463846,.23809524,10,.0034106411,2,.71428573,2023,Germany,30
